experiment,x_name,series_name,series,x,static_bottleneck,throughput,throughput_min,throughput_max,achieved_vs_offered,achieved_vs_offered_min,achieved_vs_offered_max,lat_mean,lat_mean_min,lat_mean_max,lat_p50,lat_p50_min,lat_p50_max,lat_p99,lat_p99_min,lat_p99_max,req_stall_frac,req_stall_frac_min,req_stall_frac_max,resp_stall_frac,resp_stall_frac_min,resp_stall_frac_max,responder_util,responder_util_min,responder_util_max,handler_util,handler_util_min,handler_util_max,req_fifo_avg,req_fifo_avg_min,req_fifo_avg_max,resp_fifo_avg,resp_fifo_avg_min,resp_fifo_avg_max,req_fifo_full_frac,req_fifo_full_frac_min,req_fifo_full_frac_max,resp_fifo_full_frac,resp_fifo_full_frac_min,resp_fifo_full_frac_max,drop_frac,drop_frac_min,drop_frac_max
load,issue_interval,req_fifo_depth,2,40,issue,0.024751578947368423,0.024052631578947367,0.02526315789473684,0.9900631578947369,0.9621052631578947,1.0105263157894737,17.04588753876189,16.637035863946053,17.493760376704817,14.25375080714366,13.649023345358728,14.729398926523572,59.361808979259514,55.4450772683922,63.192146030931326,0.0012217262480355739,0.0008055558636032641,0.001777485800693227,0.0004612721700583336,0.00014828540410779072,0.0010389975395510478,0.19802318125482027,0.18576877283716725,0.20688128527425162,0.1480794556718897,0.14210256063930302,0.15177373077145032,0.04781426099018476,0.04079275815195922,0.0531478631227164,0.026549946208303137,0.024953168829471073,0.027721385667144598,0.007872054350132152,0.006025348417079687,0.009267812337067449,0.003580480670658712,0.0031481312023361745,0.004730630186139503,0.0,0.0,0.0
load,issue_interval,req_fifo_depth,2,20,issue,0.04909684210526316,0.04752631578947369,0.0502,0.9819368421052632,0.9505263157894737,1.004,20.889712395884825,20.516783955472828,21.245512906792904,17.66213424118323,17.379474875124288,17.844234771488118,68.65093730017907,66.12015086096653,71.23459916004504,0.01576322844787508,0.014100007307081079,0.018111456214450528,0.005419335648403782,0.00378532763401114,0.006453777851062037,0.390827898997468,0.3776803406612995,0.40005636035381453,0.2953118657622896,0.2848167947085518,0.3032712648495077,0.20692619969212805,0.19360154373768404,0.2149140883403807,0.11185408476779982,0.10166294834947467,0.12183289011580897,0.05542982970516752,0.05226049139246957,0.058679999663998735,0.025108025420790315,0.021856711865688216,0.028654459882000428,0.0,0.0,0.0
load,issue_interval,req_fifo_depth,2,16,issue,0.05990736842105263,0.05894736842105263,0.060610526315789476,0.9585178947368421,0.9431578947368421,0.9697684210526316,23.17605602653895,22.94807979874473,23.500383026139755,19.913268880745456,19.50643638354086,20.323483551910613,71.91857192554308,70.61760062740359,73.73926025658147,0.03405573384739616,0.03210948169270472,0.03646388080896218,0.01133304653689772,0.009525382993431824,0.014151457011590594,0.47999816113031885,0.47121474887734144,0.4893348849876093,0.3596455669768554,0.3520223633680771,0.3662374534144691,0.3354865702645816,0.3264770450300351,0.3430158987637678,0.16846188957778988,0.16137989249073162,0.17625013262227995,0.10274387655817137,0.10030297800316555,0.1079244959221587,0.04210272385180776,0.03896346384510879,0.046123041548591086,0.0,0.0,0.0
load,issue_interval,req_fifo_depth,2,13,issue,0.07185263157894736,0.07128421052631578,0.07218947368421053,0.9340842105263159,0.9266947368421052,0.9384631578947369,25.885064839619844,25.405529306128546,26.217762049694713,22.856060145079027,22.483863133049454,23.081824937471538,74.9655430102357,73.38428762465628,77.13111076542555,0.06570324481380012,0.06062755140374722,0.07025735559014798,0.02139931710945888,0.016917361242072815,0.025277530940998164,0.5773557825471987,0.5659434400412909,0.5906128603288753,0.43137408225374685,0.42462598255071254,0.4355744213454543,0.5149856019786127,0.4982755119591328,0.5308966826710128,0.24963709700427836,0.234135198478952,0.26065161284737387,0.17292600826244703,0.16598085446061686,0.18032349887314444,0.07012972210046614,0.06320509359305827,0.07579507211270708,0.0,0.0,0.0
load,issue_interval,req_fifo_depth,2,11.5,issue,0.07889894736842104,0.07858947368421053,0.07922105263157894,0.907337894736842,0.903778947368421,0.9110421052631579,27.53050055807581,27.017704841662113,27.990976465469405,24.625487960880672,24.287108642005478,25.060067344827075,76.93961011871397,74.80272218147002,79.6079561865572,0.0929675105483367,0.08571208951465878,0.09788853086149157,0.028731465447968018,0.025990326817095316,0.030962862972026165,0.631793170665768,0.6263123173690985,0.6360351262768474,0.4763829899713713,0.4723457978189482,0.48373409716789695,0.6364852313052836,0.6206739352154342,0.6586037474940553,0.30634139297278445,0.29633021257173037,0.3203217975318014,0.22566453026397984,0.21773785156544373,0.23598917081358947,0.0898542430159622,0.08566273890079579,0.09558064439469446,0.0,0.0,0.0
load,issue_interval,req_fifo_depth,2,10.5,issue,0.08355789473684211,0.083,0.08385263157894737,0.8773578947368421,0.8714999999999999,0.8804526315789474,28.928438978312204,28.570168822084128,29.228280010744065,26.12907048515772,25.721273113420466,26.795578544290038,80.09884411758976,78.40119043249433,81.0091549140343,0.12006949791712962,0.11765036759127401,0.12351237464925317,0.035943593280289746,0.03427626972619794,0.04111222897093953,0.6709620185558106,0.6624941769111931,0.6780074465019794,0.5020556173103393,0.49487307834833905,0.5147904697421399,0.7451001518867761,0.7332588747042114,0.7601351037166681,0.34434292369143255,0.3302390354106839,0.37137742782258,0.27559436944448146,0.2693140146987128,0.2815045306292689,0.1047999929905549,0.10033405093004771,0.1153437770751894,0.0,0.0,0.0
load,issue_interval,req_fifo_depth,2,10,issue,0.08657473684210526,0.08614736842105263,0.08692631578947368,0.8657473684210526,0.8614736842105263,0.8692631578947368,29.876147320077585,29.391997896843186,30.126044251055315,27.218376539615566,26.61010368919233,27.86096621264005,81.47770131154248,79.03943495116255,82.47813048494572,0.1381890511961356,0.13471673641537277,0.14267521932192387,0.03990553685933139,0.036390700398833443,0.04448832935666048,0.6973115862812348,0.6924205322571865,0.7005573143499149,0.5226311469956892,0.5168261414555808,0.5344067529580042,0.8175457515256104,0.8098472451844255,0.8310691655256484,0.3720346738617017,0.35469698027541974,0.3934914100961821,0.3081639155059616,0.30373782054217907,0.31385452431446265,0.11464389416626972,0.10612338329052631,0.12338913498751097,0.0,0.0,0.0
load,issue_interval,req_fifo_depth,2,9.5,issue,0.08915578947368422,0.08842105263157894,0.08951578947368422,0.84698,0.84,0.8504,30.50268202948202,29.872943108989716,31.04771628644327,27.974212827898373,27.144900752653484,28.768018148635747,81.64729555263038,80.33971294039657,84.35792883587419,0.15431744241948908,0.14967991728128227,0.1581199991841283,0.044117115490818856,0.04022315831683292,0.04996654281396005,0.713949211988777,0.7090406240981454,0.717341598898145,0.539451372955638,0.5312491206412301,0.5508362937220344,0.8708322753489781,0.8519147658404398,0.881557243115503,0.3980317887378647,0.3840322348453984,0.42105559719192187,0.33370432818431284,0.32639474607407076,0.33814384403673703,0.12461425509143635,0.1165204607936692,0.13500108782642148,0.0,0.0,0.0
load,issue_interval,req_fifo_depth,2,9,issue,0.09145684210526316,0.09076842105263158,0.09206315789473685,0.8231115789473685,0.8169157894736843,0.8285684210526316,31.279891819464172,30.69320445444144,31.687152641243596,28.762716021987035,28.194430704170372,29.238294207559193,82.39764915870546,81.5117049797409,83.62162006004655,0.17501547030495412,0.16908236689211537,0.18073035839205814,0.04772638351063624,0.042011681808160166,0.05263801124830529,0.7351876047043111,0.7303609374555927,0.738489861289013,0.5496777474504244,0.5418303855044427,0.5607198804954445,0.9385480269619342,0.9263214583171432,0.9430321823224147,0.4158269849158529,0.3966238379590304,0.4372073265592776,0.3673549956776848,0.36042517769394816,0.37115993731646413,0.13226090042903524,0.12348629105179178,0.1408368336240869,0.0,0.0,0.0
load,issue_interval,req_fifo_depth,2,8.5,issue,0.09406315789473683,0.09342105263157895,0.09452631578947368,0.7995368421052632,0.7940789473684211,0.8034736842105263,32.04357742275177,31.45840679087981,32.57777301843586,29.68541389243692,29.034773194951413,30.357668941163865,81.79529283844167,79.54674993910885,84.32932636005353,0.1945976197466435,0.18572998247524597,0.19983420795609022,0.05298730353890826,0.049892540422196506,0.05600117299443351,0.7522228887084887,0.7473219611175401,0.7575268470566037,0.565904903524476,0.5553697139342265,0.5737340411092675,1.002342875819226,0.9799544955235349,1.0183957457232693,0.44699185935492025,0.4347316979772465,0.4600985493228662,0.3986119299837209,0.3865544499252797,0.40671581236926446,0.14375974160567645,0.13879515610091053,0.14919660791282127,0.0,0.0,0.0
load,issue_interval,req_fifo_depth,2,8,issue,0.09663157894736843,0.09568421052631579,0.09733684210526315,0.7730526315789474,0.7654736842105263,0.7786947368421052,33.2191897519136,32.839772289172124,33.86673280724681,30.93159490282851,30.62477508662596,31.404464403939528,84.5843619309857,81.16477836917329,88.9153927223997,0.22551973836552622,0.21408166571977405,0.23478884247668766,0.05754627017479917,0.05016817388135718,0.0617778186676475,0.7797155007495341,0.7697544737264533,0.7848822468097083,0.5798432620267205,0.5579457406401414,0.5890562745675872,1.0994921351352187,1.0769541189381044,1.12625549372386,0.4694283680222334,0.4341838005555566,0.48845331463315617,0.44632985111647183,0.4336152085670264,0.46050492722300024,0.15430816657660454,0.14138485800604858,0.1625956041007992,0.0,0.0,0.0
load,issue_interval,req_fifo_depth,2,7,responder,0.10159578947368422,0.10073684210526315,0.10244210526315789,0.7111705263157895,0.7051578947368421,0.7170947368421053,35.12963057957223,34.61662475087112,35.62383131951697,33.10683342507546,32.67287560468685,33.437996928056236,86.30931062556155,83.7426053136005,90.41875474664994,0.28438400610166037,0.2756669893195271,0.2951119700160638,0.06867431891103934,0.064837852609026,0.07528000948367577,0.8146262290072583,0.8130953595615674,0.8180342075265696,0.6106119734138333,0.5991354839285189,0.6166872698441124,1.262450586198987,1.2423570960390573,1.2846895662176985,0.5293897851611898,0.508522335187144,0.5402670002280399,0.5315798494413604,0.5210202583972658,0.5439291746508944,0.179464552452803,0.17005220938972776,0.18677495149686518,0.0,0.0,0.0
load,issue_interval,req_fifo_depth,2,6,responder,0.10533684210526315,0.1048,0.10613684210526315,0.6320210526315789,0.6288,0.636821052631579,37.6661878069289,37.43891572722466,38.143570838928724,35.686891915582784,35.49399396288209,36.04210587995476,87.76243176675526,85.3721947476588,91.67632352554392,0.37098204584797045,0.3679272892118298,0.3799737086669028,0.07995834786723255,0.07641959276671123,0.08382586029750759,0.8516731546955085,0.8474959681048623,0.8558545981023588,0.6347180810587882,0.6292898255604281,0.6416176174570712,1.4543985505859989,1.4485444746946503,1.464719116656853,0.5776210708163046,0.5641079432137924,0.5877395036128681,0.6371501276881344,0.6332419628209285,0.6440991087571913,0.20052402022124277,0.1927437527937802,0.2074025923849113,0.0,0.0,0.0
load,issue_interval,req_fifo_depth,4,40,issue,0.024732631578947367,0.02385263157894737,0.025305263157894737,0.9893052631578947,0.9541052631578948,1.0122105263157894,17.056085235240104,16.60173899631659,17.64408066688012,14.293254096408054,13.672145868571533,14.769920530059608,58.78308062336291,54.95773793461558,64.04617051499372,2.901723630596136e-05,0.0,8.178246435157856e-05,0.0,0.0,0.0,0.1979656265605787,0.18432046237674424,0.20720014006488266,0.14765199644826268,0.14290831629507686,0.15284398166004642,0.04957241343955514,0.04304273686896538,0.05685353695942151,0.02681334782252815,0.02420811651875931,0.029838823830711438,0.0002963509733583487,0.0,0.0005335543683213855,6.728809779618658e-05,0.0,0.0002908787571978265,0.0,0.0,0.0
load,issue_interval,req_fifo_depth,4,20,issue,0.049936842105263154,0.04862105263157895,0.05088421052631579,0.9987368421052631,0.972421052631579,1.0176842105263157,21.906024582064923,21.68128482630551,22.09565903071824,18.2200993059545,17.92951829397134,18.445470364327775,75.025473145656,71.7629780587522,79.96377382181527,0.0027335158299617176,0.001628684792117067,0.004123006650560235,0.0006159805452172804,0.0004468403146144977,0.0007586827981558216,0.3980878785298814,0.38557783893441283,0.4101399177175913,0.3014118371012037,0.2955151068164015,0.30858490902716856,0.25797576719750065,0.24187612067107983,0.26777096407887824,0.1332434494188973,0.1257012760330269,0.14331907852758755,0.009229504197938958,0.0072091019727022285,0.010845249778377279,0.0025862981363194214,0.0021394248120829087,0.002937099780713585,0.0,0.0,0.0
load,issue_interval,req_fifo_depth,4,16,issue,0.061671578947368424,0.060484210526315786,0.06301052631578948,0.9867452631578948,0.9677473684210526,1.0081684210526316,24.74389885768168,24.18632305459139,26.22795676848619,20.899908570695334,20.4862573336286,22.13867346655934,80.35173204492966,76.09348151023732,87.93188743923383,0.0075636426651804565,0.005268407262003261,0.011197741529331066,0.0014466064014572303,0.0008370673930251303,0.002268677499561684,0.49310961484872945,0.4767993805538212,0.5192927543708795,0.37050946304344473,0.3644342700870753,0.38214386744069223,0.44219409788930103,0.4089546286571109,0.5081889090964786,0.21197567212650328,0.20262491911205724,0.22964370956097288,0.023298478116902353,0.019143531124988972,0.028795226483038623,0.005788973140854252,0.005019818177406284,0.007106206214357256,0.0,0.0,0.0
load,issue_interval,req_fifo_depth,4,13,issue,0.0744778947368421,0.07303157894736842,0.07554736842105263,0.9682126315789474,0.9494105263157895,0.9821157894736843,28.470023905823172,27.868487857620718,29.02349581417039,24.44628300626573,24.15005322482466,24.951014587604732,87.90755435654974,84.18438075699851,94.2277293014049,0.022383431836507088,0.01908652016098889,0.024718051194625484,0.0040108839027691206,0.0025000108386490244,0.005739195262893774,0.5954099436772635,0.5849858762745966,0.603105423940865,0.44526540347968846,0.4337210963651293,0.45557424215784037,0.7284982661592864,0.685394624878264,0.7621689340016178,0.3256132128859868,0.30885812050585576,0.3523097373382044,0.05686770764720121,0.04791972738701406,0.062365813063256254,0.013141527311452706,0.009561084118887696,0.01795939712940729,0.0,0.0,0.0
load,issue_interval,req_fifo_depth,4,11.5,issue,0.08318736842105263,0.08231578947368422,0.0838421052631579,0.9566547368421052,0.9466315789473684,0.9641842105263158,32.08891806929191,31.306648873000356,32.76349864975333,28.45495607813573,27.841878829156485,29.166045524361834,92.9827538846359,90.26701039222826,94.93175394945501,0.038700626019528034,0.03402242181090879,0.043870735857149484,0.007577014317339155,0.005046808972832438,0.011031725545623818,0.6658093747905507,0.6526267803835638,0.6813571299766722,0.5005419517051268,0.49092668820909013,0.5043955961028223,1.0088282290503625,0.9632875607132866,1.0608003618113035,0.44942467385939977,0.420149239854198,0.4801521819461603,0.09647742473486967,0.08917259420895929,0.10618978320098142,0.02325181070449543,0.01744943875465989,0.029258560948776713,0.0,0.0,0.0
load,issue_interval,req_fifo_depth,4,10.5,issue,0.0893957894736842,0.08856842105263157,0.09002105263157895,0.9386557894736842,0.9299684210526316,0.945221052631579,34.13641602328805,33.49670276939615,34.61631030336594,30.61564045142877,29.986165599584638,31.392373817405314,94.21678893781791,91.21946574292087,100.56040568765457,0.05597851688482856,0.05167337004583787,0.060934487483983175,0.010952542564320848,0.010085416815400794,0.011508155678571712,0.7116151984798897,0.7065289478674813,0.7170698550677548,0.5406237698420562,0.5304843260774871,0.5526442250669861,1.1981007294712964,1.1525138867618705,1.2205555027616564,0.5368992335923851,0.5075082247913452,0.5640331203642297,0.12699344934764595,0.11895010025233059,0.13525195546394161,0.03174858310886057,0.02899506893876841,0.0354255464537331,0.0,0.0,0.0
load,issue_interval,req_fifo_depth,4,10,issue,0.09270526315789474,0.0918,0.09345263157894737,0.9270526315789474,0.918,0.9345263157894736,36.02825702302435,35.44680178290976,36.379706532841695,32.745437834085536,31.9760080940614,33.76783466603956,97.37526090372994,94.82571755941171,99.25197848050448,0.06931678522002278,0.06568249336832646,0.07350162946853923,0.013292161625538933,0.010114189596162119,0.01498611560492767,0.741475938069347,0.7375989831939261,0.7491449184698049,0.5604240968221552,0.5454019805235183,0.5672140790932464,1.3658841738127605,1.3468551301172917,1.4023921205743892,0.5922212320115264,0.5467364862653191,0.6259412909207912,0.15600350314015823,0.15190519079726356,0.15896326447645964,0.03820638255004955,0.030681653842705534,0.04416856234723012,0.0,0.0,0.0
load,issue_interval,req_fifo_depth,4,9.5,issue,0.09640421052631579,0.09578947368421052,0.09776842105263157,0.91584,0.91,0.9288,38.019916672374066,36.83659312321747,39.40030594729832,35.13878461415807,33.944591905063135,37.453386172383034,99.62070724719379,96.00020428347489,103.03352511229605,0.08763125957448188,0.08407761234808608,0.09362340870006873,0.017761652958384323,0.014544175582538245,0.021355145299519915,0.7713838468947498,0.7624088209137704,0.7883156927849821,0.585871433548034,0.5753536643914506,0.607813269102051,1.5437821050034022,1.4804978996104554,1.602979449096695,0.6605745219968613,0.6118284284261409,0.749137475227459,0.18885015532828198,0.18190973132987526,0.20143091276601457,0.04568655482178212,0.03896399065905903,0.056076156467441546,0.0,0.0,0.0
load,issue_interval,req_fifo_depth,4,9,issue,0.09934736842105263,0.09823157894736842,0.10044210526315789,0.8941263157894737,0.8840842105263158,0.9039789473684211,39.38105052396289,36.87177919481321,40.53473173519116,36.623263769614276,33.92216717493284,37.915087401015626,99.82921764321945,96.35599269301747,102.39050102599867,0.10375710848582828,0.08775141855666653,0.11154043449754349,0.018471563172753076,0.015198177720994509,0.022627986135842087,0.7968400834674714,0.768937084638392,0.8064164577920189,0.5993179867130453,0.5871471420643816,0.6125390371546291,1.7014261810814042,1.5160565538046906,1.7792466601149288,0.6951082767268135,0.6470800609464794,0.7443787278167304,0.21904502631475048,0.1799491632482986,0.23790601845443582,0.04919764712378708,0.04182300825102112,0.05935017928498527,0.0,0.0,0.0
load,issue_interval,req_fifo_depth,4,8.5,issue,0.1026778947368421,0.10188421052631579,0.10352631578947369,0.872762105263158,0.8660157894736843,0.8799736842105264,41.42994077915528,40.81815381404154,42.06727089606428,38.84851306187338,38.27753007337742,39.642896549383295,103.42074502241758,99.54823024759753,106.47077608328254,0.12646415621869847,0.11980041866816239,0.1389496389405464,0.022765998805034753,0.019614273909603082,0.024803725245984166,0.821695290763018,0.818029329445763,0.8294612636689501,0.6215983922304087,0.6145600616634684,0.6317247515143664,1.8872980568411215,1.854721825428182,1.9672168736096534,0.775418950506281,0.7314341002147278,0.8094491333937467,0.2594705057838815,0.2516701133846529,0.2789422961917533,0.060036038448715544,0.05282573119670586,0.0637667665645986,0.0,0.0,0.0
load,issue_interval,req_fifo_depth,4,8,issue,0.10562315789473684,0.10490526315789474,0.1060421052631579,0.8449852631578947,0.8392421052631579,0.8483368421052632,43.11831634557989,41.910512894690534,43.95388774686919,40.9217730694625,39.9617814104422,42.13429115584586,103.35709044089018,98.57709184318082,107.20734397741035,0.15157436979113412,0.1385266305913475,0.1610694809909542,0.024847447516127448,0.02142317095775027,0.027962157306017425,0.8482302325742135,0.8421334844231954,0.8519829990429113,0.6353094693324622,0.6273849361437207,0.6389869556732735,2.084112010593024,1.9996907126701235,2.1532012273611145,0.8130906809659034,0.7806390807652633,0.8393638789091128,0.3006064233617097,0.2788329854005597,0.3164059286352613,0.06476617610448229,0.05922626467809952,0.06955742160561162,0.0,0.0,0.0
load,issue_interval,req_fifo_depth,4,7,responder,0.11102736842105262,0.1104,0.11181052631578947,0.7771915789473685,0.7728,0.7826736842105264,47.772790439597166,47.17308443377371,48.199946437566226,46.253530405303174,44.86124130130338,47.08931924343051,107.24099160804289,103.75189095388305,111.04552887329191,0.22157106391480325,0.21314910703409964,0.22876818285463724,0.033484035552486094,0.029083076619499854,0.036724497969260465,0.8913736759002535,0.889013773587418,0.8942360376463765,0.6691451929616021,0.6566341085161307,0.6780693330413634,2.5329228146776726,2.4945556197094776,2.5633898892765523,0.9577938360326534,0.8992629984071463,0.9904676250435982,0.4137677270310537,0.40329398997372606,0.42386633291646447,0.08505984788602121,0.07528882039079192,0.09199948422676714,0.0,0.0,0.0
load,issue_interval,req_fifo_depth,4,6,responder,0.1148021052631579,0.11315789473684211,0.11593684210526316,0.6888126315789473,0.6789473684210526,0.6956210526315789,52.21862072902461,51.5829632862385,52.732331681478975,50.68436711156464,49.56751321950287,51.27060256972618,109.58686083835201,107.73235716026102,110.6683736481209,0.3081484405538292,0.30014253800612284,0.3129131723819374,0.04318026032794863,0.037408876609224796,0.0486995326646091,0.9198654315830332,0.9138430751390104,0.9242220183382831,0.6915839299263259,0.6809767548786619,0.7041483731040378,2.9783445520278375,2.958881295894875,2.995622540921199,1.056437117933363,1.0054733187556835,1.0989589254673917,0.5394227019741822,0.5327435792788588,0.5458307315242746,0.10257660064022826,0.09270148430111042,0.11178099304394003,0.0,0.0,0.0
load,issue_interval,req_fifo_depth,16,40,issue,0.024751578947368423,0.02393684210526316,0.025305263157894737,0.9900631578947369,0.9574736842105264,1.0122105263157894,17.092171980156515,16.60173899631659,17.64408066688012,14.29821203206593,13.69668823631946,14.769920530059608,59.47052212232957,54.95773793461558,64.04617051499372,0.0,0.0,0.0,0.0,0.0,0.0,0.1981233309794731,0.1852850075901037,0.20720014006488266,0.1478104017656549,0.14290831629507686,0.15284398166004642,0.05024510086465654,0.04304273686896538,0.05685353695942151,0.027044611821409575,0.02420811651875931,0.029838823830711438,0.0,0.0,0.0,0.0,0.0,0.0,0.0,0.0,0.0
load,issue_interval,req_fifo_depth,16,20,issue,0.05012842105263158,0.04883157894736842,0.05094736842105263,1.0025684210526316,0.9766315789473684,1.0189473684210526,22.130025091737025,21.820476922954782,22.34413150942798,18.356244856327976,18.13575265428517,18.59263916830423,75.59295013304727,71.82698011881439,78.34165226732148,0.0,0.0,0.0,0.0,0.0,0.0,0.3999861922727189,0.38960809252412193,0.40798563871223625,0.30280258743529764,0.295475180327002,0.3085404751471395,0.2689264717095944,0.26299141584332725,0.27391671804018375,0.137826643227171,0.12481043973621163,0.14961550306565913,0.0,0.0,0.0,0.0,0.0,0.0,0.0,0.0,0.0
load,issue_interval,req_fifo_depth,16,16,issue,0.06216842105263158,0.06110526315789474,0.06328421052631579,0.9946947368421053,0.9776842105263158,1.0125473684210526,25.750890795905015,25.012098463600463,27.311412948443056,21.286973119714457,20.794292136255535,22.393261303106556,91.79853724842906,84.17269645199121,104.1294900829489,0.0,0.0,0.0,0.0,0.0,0.0,0.4978739258416306,0.4842287341474606,0.5173592673918868,0.3734561868336524,0.36839657391078745,0.3841122957687619,0.5081071410760492,0.4633499002553386,0.5886667458881968,0.22242057265308163,0.2097749618802129,0.23914410488819823,0.0,0.0,0.0,0.0,0.0,0.0,0.0,0.0,0.0
load,issue_interval,req_fifo_depth,16,13,issue,0.07599368421052631,0.07413684210526315,0.0784421052631579,0.9879178947368421,0.9637789473684211,1.0197473684210527,31.6991605488152,30.8094643976853,33.083391667360935,25.762050548332628,24.86211011360865,26.889587815108825,117.66449234860411,107.52777583520219,125.57737969023583,8.3378114311046e-05,0.0,0.0003643372987341871,0.0,0.0,0.0,0.6038373659063752,0.5916434154759532,0.6239810078127462,0.45595954229468144,0.44016295217336093,0.48117952008888853,0.964708034460821,0.9088166996135105,1.0311270558205863,0.3866272813783974,0.35328562007158953,0.45926988979968103,0.0001715232018506657,0.0,0.0007243381549215165,0.0,0.0,0.0,0.0,0.0,0.0
load,issue_interval,req_fifo_depth,16,11.5,issue,0.0868,0.08470526315789474,0.08823157894736842,0.9982,0.9741105263157894,1.0146631578947367,39.65127179470315,37.81165090985392,41.903069335667524,32.6262059752742,30.84891164844703,34.85424560011961,134.17523392922885,125.77225978708884,145.48890818954533,0.0002159812868310224,6.151408309708227e-05,0.0002697228415974103,0.0,0.0,0.0,0.6959086673731649,0.6782606646534025,0.7191933861684034,0.5220709454053536,0.507566175633073,0.529796738739849,1.6264198677777337,1.4866266886310198,1.8504404143985835,0.5998545459660842,0.5433267385994403,0.656136695931308,0.0005194695210839794,0.00016405860695108699,0.0008349604148196369,0.0,0.0,0.0,0.0,0.0,0.0
load,issue_interval,req_fifo_depth,16,10.5,issue,0.0942378947368421,0.09331578947368421,0.09523157894736842,0.9894978947368422,0.9798157894736842,0.9999315789473684,45.662081101429784,43.17639787467369,47.599789711198326,37.498511300370595,36.49937330529792,38.6114462021942,155.19419084650363,131.5954585258005,180.1637641704292,0.0020214060271869674,0.000200229364638998,0.004109547362330628,0.0,0.0,0.0,0.7530125412439705,0.739541729109916,0.7644262623367227,0.5673939065932141,0.5575439062245846,0.5819114980353403,2.255173774852313,2.057136253410807,2.379893535787939,0.7290421319729634,0.6800278639753784,0.7796035195713054,0.004710564014780543,0.0004780598304110371,0.008338387268902672,0.0,0.0,0.0,0.0,0.0,0.0
load,issue_interval,req_fifo_depth,16,10,issue,0.09976,0.0988,0.10111578947368421,0.9975999999999999,0.988,1.011157894736842,53.47658376128587,50.46683170200506,55.7289858773275,44.148404997609035,43.20841054414632,46.39657921966136,169.24886768297364,149.22531224001432,190.61493662022986,0.0037669926375962387,0.0015950386745604767,0.007539375951649593,3.7828181343127077e-05,0.0,0.0001087977954284916,0.8062743173878294,0.7953205635784434,0.8189335929195113,0.6006554856804536,0.5885817712405851,0.6148118707605381,3.0434352318077,2.7052766082015696,3.211882996845072,0.8879015164101268,0.8250684792019479,0.9907458566980786,0.008530157456835927,0.004327547993694469,0.01659790143442511,0.00013475125777970165,0.0,0.0003135402481207596,0.0,0.0,0.0
load,issue_interval,req_fifo_depth,16,9.5,issue,0.10401473684210527,0.10338947368421053,0.10453684210526316,0.9881399999999999,0.9822,0.9931,60.4814132054261,58.93283534926077,64.0263338448579,50.2665134679939,48.08618870796636,52.86505196480721,183.61324685297876,177.47539064081502,188.27685126761207,0.007964774652033785,0.006885958482825854,0.009285086182239013,4.9545525176658164e-05,0.0,0.00021030449790282305,0.8336708174349813,0.8289899970747826,0.8437862905065487,0.6274014578569722,0.6179462026503381,0.6319040089446668,3.754195007283239,3.5377013603047445,4.184768109329699,1.0776104798879558,1.0422486238905284,1.1341631715295917,0.017705001274421883,0.014322998105767367,0.023058711358126253,0.0001684417680709808,0.0,0.0003830406826206232,0.0,0.0,0.0
load,issue_interval,req_fifo_depth,16,9,issue,0.10951999999999999,0.10827368421052631,0.11018947368421053,0.9856800000000001,0.9744631578947369,0.9917052631578949,71.79675866618356,66.80526690193604,77.0594641690766,63.066723881259165,59.107965828814486,68.8077316957133,193.46825023296915,184.00690767994092,209.5914381805742,0.016535968247608966,0.009886192336472864,0.022661895218426098,0.00027360473198298436,0.0,0.0010794387911394311,0.8822595479590024,0.8709500677247506,0.893253914727364,0.6612011337483635,0.6549787909935667,0.6666984867430518,5.036084284773785,4.6007498473234305,5.588276900576955,1.2741086828036685,1.2093903005885203,1.3256251801615189,0.03584470032374251,0.02087236384014157,0.05145451049413929,0.0006089146945878595,6.19464365021007e-05,0.0020081425947477234,0.0,0.0,0.0
load,issue_interval,req_fifo_depth,16,8.5,issue,0.11390315789473685,0.11257894736842106,0.11503157894736842,0.9681768421052632,0.956921052631579,0.9777684210526316,81.99633920402121,74.50363996238106,86.55408384242529,76.14439520446322,66.97326566087395,81.0126764025772,199.64969083464894,189.47812649529078,205.03254415050833,0.02928958170727544,0.021582903888113996,0.0340182925387147,0.00035496467451982377,0.00014139966800162494,0.0006687756105735867,0.9100149293733579,0.8946438629509149,0.9158263147176823,0.6905411907678202,0.6805450879928645,0.7054897383253679,6.233585941069509,5.3164798528040995,6.769905314058707,1.4852936930224185,1.3543589424041442,1.5984957224591705,0.05986456425208433,0.04420223801419515,0.07395611748374425,0.0008664413175108003,0.0003119632732826224,0.0016441379511021965,0.0,0.0,0.0
load,issue_interval,req_fifo_depth,16,8,issue,0.11812842105263158,0.11678947368421053,0.11935789473684211,0.9450273684210526,0.9343157894736842,0.9548631578947369,93.76040735919072,90.05935792879704,104.27121075622301,90.6814238899482,85.57256487194536,103.17428437470517,211.74030605375737,202.58663998590055,220.76908650705082,0.04826215815270542,0.040726979714072895,0.06500597367714195,0.0011002600841467805,0.0002024547803791632,0.0015111979012964614,0.9397798147979834,0.9277723997030096,0.9550708380890868,0.7159149401681624,0.7061194525944814,0.7241537996173034,7.628571715696094,7.178824782332847,8.785264170404414,1.7572123422471069,1.604894163180887,1.9235725033674849,0.09496548942657128,0.07900880305429123,0.12650122955766108,0.002254565319701086,0.0009800417914921126,0.002712295474621198,0.0,0.0,0.0
load,issue_interval,req_fifo_depth,16,7,responder,0.12305684210526316,0.12143157894736842,0.12396842105263157,0.8613978947368421,0.850021052631579,0.8677789473684211,125.94792870891447,122.28083797842261,129.51618103264144,127.1203182622954,123.62800573762252,130.69264492623188,228.99067513735935,225.7093563852759,236.02310121437768,0.1369468359977716,0.125631184233775,0.15733779102137574,0.0014766238027935545,0.00021436913509988747,0.002875073828206223,0.9865168796104336,0.9847773110357565,0.9896101895541215,0.74441705134399,0.7313497545836728,0.7578467511227641,11.52384562102593,11.220120976909323,11.918859280817514,2.1215037509914034,1.9143740901704271,2.3613768384200866,0.25391305805824615,0.23410808404074657,0.28938156191253234,0.003321929524291619,0.0009263393067338927,0.006128099283216847,0.0,0.0,0.0
load,issue_interval,req_fifo_depth,16,6,responder,0.12485894736842104,0.12396842105263157,0.12597894736842105,0.7491536842105263,0.7438105263157895,0.7558736842105263,142.90465823925655,138.83675669278557,145.79852967537863,142.58727228721582,138.99059135734387,145.09326731739566,236.22801600929307,229.4304054031527,246.0642639334692,0.23970232430154606,0.2245817241032525,0.2508865841815816,0.0013259309822082094,0.0005897298826988845,0.0018847424911002714,0.997355910317754,0.9960591891575545,0.9988900164849908,0.7498642036945948,0.7356559922422797,0.7580876309979846,13.697023977323331,13.28382482596839,13.952710964825906,2.1812321011191513,1.9972350560019032,2.2705907241079943,0.42169432809787244,0.38954233334162347,0.4420888933049307,0.0029597483661877857,0.0015311015956837907,0.0036581584571612584,0.0,0.0,0.0
resp_depth,resp_fifo_depth,handler_dist,const,1,issue,0.09998947368421053,0.09998947368421053,0.09998947368421053,0.9998947368421053,0.9998947368421053,0.9998947368421053,15.0,15.0,15.0,15.0,15.0,15.0,15.0,15.0,15.0,0.0,0.0,0.0,0.0,0.0,0.0,0.8,0.8,0.8,0.699978947368421,0.699978947368421,0.699978947368421,0.0,0.0,0.0,0.0,0.0,0.0,0.0,0.0,0.0,0.0,0.0,0.0,0.0,0.0,0.0
resp_depth,resp_fifo_depth,handler_dist,const,2,issue,0.09998947368421053,0.09998947368421053,0.09998947368421053,0.9998947368421053,0.9998947368421053,0.9998947368421053,15.0,15.0,15.0,15.0,15.0,15.0,15.0,15.0,15.0,0.0,0.0,0.0,0.0,0.0,0.0,0.8,0.8,0.8,0.699978947368421,0.699978947368421,0.699978947368421,0.0,0.0,0.0,0.0,0.0,0.0,0.0,0.0,0.0,0.0,0.0,0.0,0.0,0.0,0.0
resp_depth,resp_fifo_depth,handler_dist,const,3,issue,0.09998947368421053,0.09998947368421053,0.09998947368421053,0.9998947368421053,0.9998947368421053,0.9998947368421053,15.0,15.0,15.0,15.0,15.0,15.0,15.0,15.0,15.0,0.0,0.0,0.0,0.0,0.0,0.0,0.8,0.8,0.8,0.699978947368421,0.699978947368421,0.699978947368421,0.0,0.0,0.0,0.0,0.0,0.0,0.0,0.0,0.0,0.0,0.0,0.0,0.0,0.0,0.0
resp_depth,resp_fifo_depth,handler_dist,const,4,issue,0.09998947368421053,0.09998947368421053,0.09998947368421053,0.9998947368421053,0.9998947368421053,0.9998947368421053,15.0,15.0,15.0,15.0,15.0,15.0,15.0,15.0,15.0,0.0,0.0,0.0,0.0,0.0,0.0,0.8,0.8,0.8,0.699978947368421,0.699978947368421,0.699978947368421,0.0,0.0,0.0,0.0,0.0,0.0,0.0,0.0,0.0,0.0,0.0,0.0,0.0,0.0,0.0
resp_depth,resp_fifo_depth,handler_dist,const,6,issue,0.09998947368421053,0.09998947368421053,0.09998947368421053,0.9998947368421053,0.9998947368421053,0.9998947368421053,15.0,15.0,15.0,15.0,15.0,15.0,15.0,15.0,15.0,0.0,0.0,0.0,0.0,0.0,0.0,0.8,0.8,0.8,0.699978947368421,0.699978947368421,0.699978947368421,0.0,0.0,0.0,0.0,0.0,0.0,0.0,0.0,0.0,0.0,0.0,0.0,0.0,0.0,0.0
resp_depth,resp_fifo_depth,handler_dist,const,8,issue,0.09998947368421053,0.09998947368421053,0.09998947368421053,0.9998947368421053,0.9998947368421053,0.9998947368421053,15.0,15.0,15.0,15.0,15.0,15.0,15.0,15.0,15.0,0.0,0.0,0.0,0.0,0.0,0.0,0.8,0.8,0.8,0.699978947368421,0.699978947368421,0.699978947368421,0.0,0.0,0.0,0.0,0.0,0.0,0.0,0.0,0.0,0.0,0.0,0.0,0.0,0.0,0.0
resp_depth,resp_fifo_depth,handler_dist,const,12,issue,0.09998947368421053,0.09998947368421053,0.09998947368421053,0.9998947368421053,0.9998947368421053,0.9998947368421053,15.0,15.0,15.0,15.0,15.0,15.0,15.0,15.0,15.0,0.0,0.0,0.0,0.0,0.0,0.0,0.8,0.8,0.8,0.699978947368421,0.699978947368421,0.699978947368421,0.0,0.0,0.0,0.0,0.0,0.0,0.0,0.0,0.0,0.0,0.0,0.0,0.0,0.0,0.0
resp_depth,resp_fifo_depth,handler_dist,const,16,issue,0.09998947368421053,0.09998947368421053,0.09998947368421053,0.9998947368421053,0.9998947368421053,0.9998947368421053,15.0,15.0,15.0,15.0,15.0,15.0,15.0,15.0,15.0,0.0,0.0,0.0,0.0,0.0,0.0,0.8,0.8,0.8,0.699978947368421,0.699978947368421,0.699978947368421,0.0,0.0,0.0,0.0,0.0,0.0,0.0,0.0,0.0,0.0,0.0,0.0,0.0,0.0,0.0
resp_depth,resp_fifo_depth,handler_dist,const,32,issue,0.09998947368421053,0.09998947368421053,0.09998947368421053,0.9998947368421053,0.9998947368421053,0.9998947368421053,15.0,15.0,15.0,15.0,15.0,15.0,15.0,15.0,15.0,0.0,0.0,0.0,0.0,0.0,0.0,0.8,0.8,0.8,0.699978947368421,0.699978947368421,0.699978947368421,0.0,0.0,0.0,0.0,0.0,0.0,0.0,0.0,0.0,0.0,0.0,0.0,0.0,0.0,0.0
resp_depth,resp_fifo_depth,handler_dist,uniform,1,issue,0.09998947368421053,0.09998947368421053,0.09998947368421053,0.9998947368421053,0.9998947368421053,0.9998947368421053,15.015252518678318,15.00120364365209,15.034104723281898,14.995701606830698,14.972928261515335,15.043855778763827,18.451939459762798,18.44812194143742,18.45537868258907,0.0,0.0,0.0,0.0,0.0,0.0,0.8,0.8,0.8,0.6994886323577806,0.6981133066773226,0.7012972584929974,0.0,0.0,0.0,0.002015076731747722,0.001978995874504912,0.0020614613546278823,0.0,0.0,0.0,0.002015076731747722,0.001978995874504912,0.0020614613546278823,0.0,0.0,0.0
resp_depth,resp_fifo_depth,handler_dist,uniform,2,issue,0.09998947368421053,0.09998947368421053,0.09998947368421053,0.9998947368421053,0.9998947368421053,0.9998947368421053,15.015252518678318,15.00120364365209,15.034104723281898,14.995701606830698,14.972928261515335,15.043855778763827,18.451939459762798,18.44812194143742,18.45537868258907,0.0,0.0,0.0,0.0,0.0,0.0,0.8,0.8,0.8,0.6994886323577806,0.6981133066773226,0.7012972584929974,0.0,0.0,0.0,0.002015076731747722,0.001978995874504912,0.0020614613546278823,0.0,0.0,0.0,0.0,0.0,0.0,0.0,0.0,0.0
resp_depth,resp_fifo_depth,handler_dist,uniform,3,issue,0.09998947368421053,0.09998947368421053,0.09998947368421053,0.9998947368421053,0.9998947368421053,0.9998947368421053,15.015252518678318,15.00120364365209,15.034104723281898,14.995701606830698,14.972928261515335,15.043855778763827,18.451939459762798,18.44812194143742,18.45537868258907,0.0,0.0,0.0,0.0,0.0,0.0,0.8,0.8,0.8,0.6994886323577806,0.6981133066773226,0.7012972584929974,0.0,0.0,0.0,0.002015076731747722,0.001978995874504912,0.0020614613546278823,0.0,0.0,0.0,0.0,0.0,0.0,0.0,0.0,0.0
resp_depth,resp_fifo_depth,handler_dist,uniform,4,issue,0.09998947368421053,0.09998947368421053,0.09998947368421053,0.9998947368421053,0.9998947368421053,0.9998947368421053,15.015252518678318,15.00120364365209,15.034104723281898,14.995701606830698,14.972928261515335,15.043855778763827,18.451939459762798,18.44812194143742,18.45537868258907,0.0,0.0,0.0,0.0,0.0,0.0,0.8,0.8,0.8,0.6994886323577806,0.6981133066773226,0.7012972584929974,0.0,0.0,0.0,0.002015076731747722,0.001978995874504912,0.0020614613546278823,0.0,0.0,0.0,0.0,0.0,0.0,0.0,0.0,0.0
resp_depth,resp_fifo_depth,handler_dist,uniform,6,issue,0.09998947368421053,0.09998947368421053,0.09998947368421053,0.9998947368421053,0.9998947368421053,0.9998947368421053,15.015252518678318,15.00120364365209,15.034104723281898,14.995701606830698,14.972928261515335,15.043855778763827,18.451939459762798,18.44812194143742,18.45537868258907,0.0,0.0,0.0,0.0,0.0,0.0,0.8,0.8,0.8,0.6994886323577806,0.6981133066773226,0.7012972584929974,0.0,0.0,0.0,0.002015076731747722,0.001978995874504912,0.0020614613546278823,0.0,0.0,0.0,0.0,0.0,0.0,0.0,0.0,0.0
resp_depth,resp_fifo_depth,handler_dist,uniform,8,issue,0.09998947368421053,0.09998947368421053,0.09998947368421053,0.9998947368421053,0.9998947368421053,0.9998947368421053,15.015252518678318,15.00120364365209,15.034104723281898,14.995701606830698,14.972928261515335,15.043855778763827,18.451939459762798,18.44812194143742,18.45537868258907,0.0,0.0,0.0,0.0,0.0,0.0,0.8,0.8,0.8,0.6994886323577806,0.6981133066773226,0.7012972584929974,0.0,0.0,0.0,0.002015076731747722,0.001978995874504912,0.0020614613546278823,0.0,0.0,0.0,0.0,0.0,0.0,0.0,0.0,0.0
resp_depth,resp_fifo_depth,handler_dist,uniform,12,issue,0.09998947368421053,0.09998947368421053,0.09998947368421053,0.9998947368421053,0.9998947368421053,0.9998947368421053,15.015252518678318,15.00120364365209,15.034104723281898,14.995701606830698,14.972928261515335,15.043855778763827,18.451939459762798,18.44812194143742,18.45537868258907,0.0,0.0,0.0,0.0,0.0,0.0,0.8,0.8,0.8,0.6994886323577806,0.6981133066773226,0.7012972584929974,0.0,0.0,0.0,0.002015076731747722,0.001978995874504912,0.0020614613546278823,0.0,0.0,0.0,0.0,0.0,0.0,0.0,0.0,0.0
resp_depth,resp_fifo_depth,handler_dist,uniform,16,issue,0.09998947368421053,0.09998947368421053,0.09998947368421053,0.9998947368421053,0.9998947368421053,0.9998947368421053,15.015252518678318,15.00120364365209,15.034104723281898,14.995701606830698,14.972928261515335,15.043855778763827,18.451939459762798,18.44812194143742,18.45537868258907,0.0,0.0,0.0,0.0,0.0,0.0,0.8,0.8,0.8,0.6994886323577806,0.6981133066773226,0.7012972584929974,0.0,0.0,0.0,0.002015076731747722,0.001978995874504912,0.0020614613546278823,0.0,0.0,0.0,0.0,0.0,0.0,0.0,0.0,0.0
resp_depth,resp_fifo_depth,handler_dist,uniform,32,issue,0.09998947368421053,0.09998947368421053,0.09998947368421053,0.9998947368421053,0.9998947368421053,0.9998947368421053,15.015252518678318,15.00120364365209,15.034104723281898,14.995701606830698,14.972928261515335,15.043855778763827,18.451939459762798,18.44812194143742,18.45537868258907,0.0,0.0,0.0,0.0,0.0,0.0,0.8,0.8,0.8,0.6994886323577806,0.6981133066773226,0.7012972584929974,0.0,0.0,0.0,0.002015076731747722,0.001978995874504912,0.0020614613546278823,0.0,0.0,0.0,0.0,0.0,0.0,0.0,0.0,0.0
resp_depth,resp_fifo_depth,handler_dist,exp,1,issue,0.09956000000000001,0.09936842105263158,0.09967368421052632,0.9955999999999999,0.9936842105263158,0.9967368421052631,24.10013053340872,23.810073159460025,24.504895766903594,19.880025921511333,19.2846066725906,20.15862895016835,74.10192851859247,70.86081354468843,78.0010746447515,0.004161935095230523,0.00318485355186391,0.005595350278047887,0.08462003059089898,0.08059107745993485,0.08733875745515376,0.7966285899695565,0.7952941061453324,0.7975252251804782,0.6971112111321203,0.6904854404241566,0.7020064220819466,0.5214515806668462,0.49459472485139266,0.5492112625799761,0.296061051266201,0.28554030778077816,0.302601187263472,0.023839414065494197,0.01832314451493313,0.02859097570315282,0.296061051266201,0.28554030778077816,0.302601187263472,0.0,0.0,0.0
resp_depth,resp_fifo_depth,handler_dist,exp,2,issue,0.09983368421052632,0.09971578947368422,0.09989473684210526,0.9983368421052632,0.9971578947368421,0.9989473684210526,21.926327022293798,21.641460332158054,22.51789595810894,17.778915224489175,17.5389796207819,17.956222511413216,70.89346283412742,67.91979793885548,75.69164378067217,0.0014414227566765321,0.0008941453486116332,0.002766027361761735,0.03639375610734627,0.03482778234050626,0.039050137276133656,0.798797676615043,0.7977263157894737,0.7992421052631579,0.6990297982050048,0.6927395246275396,0.7038654241256443,0.2041513910802672,0.178068810438648,0.2378195406917388,0.4497379093053088,0.429059798643109,0.4650168417283264,0.008389197928006313,0.006933086015060766,0.011645862360532193,0.12989977857849225,0.12239263790508347,0.1365618443912483,0.0,0.0,0.0
resp_depth,resp_fifo_depth,handler_dist,exp,3,issue,0.09993473684210527,0.09985263157894737,0.09996842105263158,0.9993473684210527,0.9985263157894737,0.9996842105263158,21.43725137618633,21.178846696904056,22.072808876240234,17.330186410211173,17.045604293962242,17.595538003501133,70.30734921282274,67.05333484982839,77.8184476497263,0.0005414708090940545,0.00016242731708196898,0.001359893541312857,0.01660841101072905,0.014333150179619128,0.019631620421341388,0.7995452631578948,0.7989052631578948,0.7998315789473684,0.6996591014647231,0.6936175731590288,0.7045444308110954,0.09511395933931206,0.07747414784773135,0.12521569356825432,0.5311542018926517,0.5063017117007251,0.5552806923309418,0.003787487065789114,0.002003996699307084,0.006723851749521591,0.05799883614486638,0.053055298850141853,0.06357718769852642,0.0,0.0,0.0
resp_depth,resp_fifo_depth,handler_dist,exp,4,issue,0.09997052631578948,0.09990526315789473,0.09998947368421053,0.9997052631578948,0.9990526315789474,0.9998947368421053,21.284689065556226,20.995944300765792,21.93524302492013,17.199577701673114,16.894896812180377,17.490198237399454,70.30693129832471,66.80305408366985,78.92413072125782,0.00022311649247261237,2.0285357442672218e-05,0.0007896256493117299,0.008227837969369333,0.006498382265942641,0.011211318860300506,0.7997978947368422,0.7993263157894737,0.8,0.6998140720614878,0.693818952601975,0.7047312883856337,0.04520431332399234,0.03418517803312192,0.06943024357047528,0.5748290701873403,0.552533993948077,0.606821279821566,0.0013309963880238636,0.00043272694673704746,0.0030766387593855094,0.027315942494234018,0.022004304026676618,0.03282116519226707,0.0,0.0,0.0
resp_depth,resp_fifo_depth,handler_dist,exp,6,issue,0.09998736842105263,0.0999578947368421,0.1,0.9998736842105262,0.999578947368421,1.0,21.241123232805197,20.943957810770865,21.93305414681597,17.141233470159204,16.842816568911076,17.388244372414192,70.47556018725918,66.80305408366985,79.63852621585829,4.8563105734907655e-05,0.0,0.00024281552867453827,0.0018882573742249839,0.0009512314093156946,0.0035903021333592686,0.7999494736842105,0.7997473684210527,0.8,0.6999416163434286,0.693818952601975,0.7047347375567724,0.008948120506764764,0.0029459285714766386,0.021312346846229104,0.6133519212899958,0.5932434382375152,0.6631209398950897,0.00021678879831481027,0.0,0.0010006908606159605,0.006722312646446361,0.004705319646246952,0.0110465929514744,0.0,0.0,0.0
resp_depth,resp_fifo_depth,handler_dist,exp,8,issue,0.09999368421052632,0.09998947368421053,0.1,0.9999368421052631,0.9998947368421053,1.0,21.24173381849405,20.943957810770865,21.939310992819184,17.1404926799034,16.842816568911076,17.388244372414192,70.47556018725918,66.80305408366985,79.63852621585829,3.5003640817165814e-06,0.0,1.7501820408582907e-05,0.00031711351206385816,4.133798902161959e-05,0.0010645494119901407,0.8,0.8,0.8,0.6999899935005884,0.693818952601975,0.7047347375567724,0.0016283826132206549,2.0285357442672218e-05,0.007111158023868292,0.6223819276264416,0.6006750275945703,0.6808638753389685,6.788913728823995e-05,0.0,0.0003394456864411998,0.0012572803368978203,0.0003023760447813976,0.0033039651425892914,0.0,0.0,0.0
resp_depth,resp_fifo_depth,handler_dist,exp,12,issue,0.09999368421052632,0.09998947368421053,0.1,0.9999368421052631,0.9998947368421053,1.0,21.23961985577958,20.943957810770865,21.92874117924682,17.138318178717963,16.842816568911076,17.388244372414192,70.47556018725918,66.80305408366985,79.63852621585829,0.0,0.0,0.0,7.710890397506056e-06,0.0,3.855445198753028e-05,0.8,0.8,0.8,0.6999899935005883,0.693818952601975,0.7047347375567724,3.5003640817165814e-06,0.0,1.7501820408582907e-05,0.6241083388421208,0.6010990792992663,0.6879441582268003,0.0,0.0,0.0,3.486133589019454e-05,0.0,0.0001743066794509727,0.0,0.0,0.0
resp_depth,resp_fifo_depth,handler_dist,exp,16,issue,0.09999368421052632,0.09998947368421053,0.1,0.9999368421052631,0.9998947368421053,1.0,21.23961985577958,20.943957810770865,21.92874117924682,17.138318178717963,16.842816568911076,17.388244372414192,70.47556018725918,66.80305408366985,79.63852621585829,0.0,0.0,0.0,0.0,0.0,0.0,0.8,0.8,0.8,0.6999899935005883,0.693818952601975,0.7047347375567724,0.0,0.0,0.0,0.6241195500966,0.6010990792992663,0.6880002144991965,0.0,0.0,0.0,0.0,0.0,0.0,0.0,0.0,0.0
resp_depth,resp_fifo_depth,handler_dist,exp,32,issue,0.09999368421052632,0.09998947368421053,0.1,0.9999368421052631,0.9998947368421053,1.0,21.23961985577958,20.943957810770865,21.92874117924682,17.138318178717963,16.842816568911076,17.388244372414192,70.47556018725918,66.80305408366985,79.63852621585829,0.0,0.0,0.0,0.0,0.0,0.0,0.8,0.8,0.8,0.6999899935005883,0.693818952601975,0.7047347375567724,0.0,0.0,0.0,0.6241195500966,0.6010990792992663,0.6880002144991965,0.0,0.0,0.0,0.0,0.0,0.0,0.0,0.0,0.0
resp_depth,resp_fifo_depth,handler_dist,bimodal,1,issue,0.09402947368421052,0.09347368421052632,0.09424210526315789,0.9402947368421053,0.9347368421052632,0.9424210526315789,42.307065837186094,41.53591809331991,43.58586711711712,38.4,37.5,39.5,117.9,113.5,125.0,0.059228421052631576,0.05670526315789474,0.06490526315789474,0.21331894736842108,0.20807368421052633,0.22191052631578947,0.7524884210526316,0.7478315789473684,0.7542210526315789,0.655438947368421,0.6497578947368421,0.6645736842105263,1.9791178947368422,1.9191315789473684,2.0437421052631577,0.32091368421052635,0.3137684210526316,0.3325105263157895,0.20100947368421052,0.1946421052631579,0.21233684210526316,0.32091368421052635,0.3137684210526316,0.3325105263157895,0.0,0.0,0.0
resp_depth,resp_fifo_depth,handler_dist,bimodal,2,issue,0.09734526315789474,0.09666315789473684,0.09767368421052632,0.9734526315789473,0.9666315789473684,0.9767368421052631,36.19511182913777,35.44304343140425,37.72029837743657,32.1,31.5,33.5,114.0,107.0,126.5,0.02616,0.023105263157894736,0.032842105263157895,0.15361894736842105,0.1486578947368421,0.16296315789473684,0.7790021052631578,0.7735894736842105,0.7818105263157895,0.6785221052631579,0.6711263157894737,0.6890947368421053,1.2330252631578946,1.2021105263157894,1.3061157894736841,0.6542873684210526,0.6364473684210527,0.6827105263157894,0.09698631578947368,0.09131578947368421,0.11014210526315789,0.2681,0.2599947368421053,0.2812421052631579,0.0,0.0,0.0
resp_depth,resp_fifo_depth,handler_dist,bimodal,3,issue,0.09863157894736843,0.09801052631578948,0.09902105263157895,0.9863157894736843,0.9801052631578947,0.9902105263157894,32.36601425501531,31.591740193472944,33.814896359145095,25.8,24.5,27.0,112.3,104.0,125.5,0.013404210526315788,0.009747368421052631,0.019626315789473683,0.08666105263157894,0.0818,0.09528947368421052,0.7892431578947369,0.7842526315789474,0.7921684210526316,0.687117894736842,0.6785578947368421,0.698221052631579,0.6705463157894738,0.6370684210526316,0.7290157894736842,0.9457547368421053,0.916921052631579,0.9882368421052632,0.046866315789473686,0.04093684210526316,0.05785789473684211,0.1970684210526316,0.18910526315789475,0.20937368421052632,0.0,0.0,0.0
resp_depth,resp_fifo_depth,handler_dist,bimodal,4,issue,0.09914947368421052,0.0986,0.09948421052631579,0.9914947368421053,0.986,0.9948421052631579,30.99828575848369,29.987091313088563,32.62383900928793,21.0,20.5,23.0,113.6,103.0,127.5,0.008325263157894737,0.005026315789473684,0.013873684210526316,0.05652105263157895,0.05166315789473684,0.06496315789473685,0.7932631578947369,0.7888842105263157,0.7959315789473684,0.6903,0.6808368421052632,0.7017578947368421,0.40171999999999997,0.3669368421052632,0.4644526315789474,1.1237905263157895,1.0844526315789473,1.1828894736842106,0.029017894736842104,0.02131578947368421,0.03978421052631579,0.11111473684210527,0.10407368421052632,0.12363684210526316,0.0,0.0,0.0
resp_depth,resp_fifo_depth,handler_dist,bimodal,6,issue,0.09957684210526316,0.0992421052631579,0.09985263157894737,0.9957684210526316,0.992421052631579,0.9985263157894737,30.62020128522206,29.295698924731184,32.571542214679674,19.7,16.5,20.5,116.6,103.5,131.5,0.003743157894736842,0.0013684210526315789,0.007126315789473685,0.023937894736842106,0.01937894736842105,0.03151578947368421,0.7969442105263158,0.7942736842105264,0.7989052631578948,0.6935421052631578,0.6826631578947369,0.7062052631578948,0.1736284210526316,0.1292578947368421,0.2401263157894737,1.3596715789473683,1.2958894736842106,1.4541,0.01249157894736842,0.006073684210526316,0.02038421052631579,0.04985263157894737,0.043410526315789476,0.06136842105263158,0.0,0.0,0.0
resp_depth,resp_fifo_depth,handler_dist,bimodal,8,issue,0.09978315789473684,0.09957894736842106,0.09991578947368421,0.9978315789473685,0.9957894736842106,0.9991578947368421,30.801816137664094,29.157869785082173,33.153224101479914,19.1,16.5,20.5,119.3,104.5,134.0,0.0016105263157894737,0.0007578947368421053,0.0030157894736842104,0.011466315789473684,0.006768421052631579,0.018621052631578948,0.7986694736842106,0.7974736842105263,0.7993263157894737,0.6953347368421052,0.6828684210526316,0.7103315789473684,0.0824578947368421,0.036694736842105266,0.14624736842105263,1.48698,1.388978947368421,1.6327631578947368,0.005654736842105263,0.0017947368421052632,0.011257894736842106,0.023205263157894736,0.016042105263157896,0.033842105263157896,0.0,0.0,0.0
resp_depth,resp_fifo_depth,handler_dist,bimodal,12,issue,0.09990315789473683,0.09982105263157895,0.09996842105263158,0.9990315789473684,0.9982105263157894,0.9996842105263158,31.15636440303865,29.45034751474305,33.973548319106335,19.1,16.5,20.5,122.7,108.5,139.5,0.0003936842105263158,0.00010526315789473685,0.0007789473684210527,0.0025610526315789474,0.001405263157894737,0.005410526315789473,0.7996294736842106,0.7992421052631579,0.7999157894736842,0.696417894736842,0.6830157894736842,0.7132421052631579,0.01746315789473684,0.01008421052631579,0.032710526315789475,1.5994757894736842,1.4495,1.8428105263157895,0.001193684210526316,0.00045789473684210527,0.002173684210526316,0.005161052631578947,0.002505263157894737,0.01061578947368421,0.0,0.0,0.0
resp_depth,resp_fifo_depth,handler_dist,bimodal,16,issue,0.0999221052631579,0.09988421052631578,0.09996842105263158,0.9992210526315789,0.9988421052631579,0.9996842105263158,31.270821957408323,29.736127198062547,34.0533249025187,19.1,16.5,20.5,125.2,113.5,139.5,3.6842105263157895e-05,0.0,0.00018421052631578948,0.0005578947368421052,0.00015789473684210527,0.0008894736842105263,0.7999494736842105,0.7997473684210527,0.8,0.6967052631578947,0.6830526315789474,0.7132421052631579,0.0034842105263157897,0.0003263157894736842,0.005789473684210527,1.6280105263157896,1.4859368421052632,1.886121052631579,0.00012000000000000002,0.0,0.0005,0.0011263157894736843,0.00044210526315789476,0.0016421052631578948,0.0,0.0,0.0
resp_depth,resp_fifo_depth,handler_dist,bimodal,32,issue,0.0999221052631579,0.09988421052631578,0.09996842105263158,0.9992210526315789,0.9988421052631579,0.9996842105263158,31.27155965368822,29.736127198062547,34.05701338391822,19.1,16.5,20.5,125.2,113.5,139.5,0.0,0.0,0.0,0.0,0.0,0.0,0.8,0.8,0.8,0.6967052631578947,0.6830526315789474,0.7132421052631579,0.0,0.0,0.0,1.6325073684210527,1.4920842105263157,1.8950736842105262,0.0,0.0,0.0,0.0,0.0,0.0,0.0,0.0,0.0
handler,handler_latency,handler_dist,const,4,issue,0.09998947368421053,0.09998947368421053,0.09998947368421053,0.9998947368421053,0.9998947368421053,0.9998947368421053,12.0,12.0,12.0,12.0,12.0,12.0,12.0,12.0,12.0,0.0,0.0,0.0,0.0,0.0,0.0,0.8,0.8,0.8,0.39997894736842105,0.39997894736842105,0.39997894736842105,0.0,0.0,0.0,0.0,0.0,0.0,0.0,0.0,0.0,0.0,0.0,0.0,0.0,0.0,0.0
handler,handler_latency,handler_dist,const,6,issue,0.09998947368421053,0.09998947368421053,0.09998947368421053,0.9998947368421053,0.9998947368421053,0.9998947368421053,14.0,14.0,14.0,14.0,14.0,14.0,14.0,14.0,14.0,0.0,0.0,0.0,0.0,0.0,0.0,0.8,0.8,0.8,0.5999789473684211,0.5999789473684211,0.5999789473684211,0.0,0.0,0.0,0.0,0.0,0.0,0.0,0.0,0.0,0.0,0.0,0.0,0.0,0.0,0.0
handler,handler_latency,handler_dist,const,8,issue,0.09998947368421053,0.09998947368421053,0.09998947368421053,0.9998947368421053,0.9998947368421053,0.9998947368421053,16.0,16.0,16.0,16.0,16.0,16.0,16.0,16.0,16.0,0.0,0.0,0.0,0.0,0.0,0.0,0.8,0.8,0.8,0.799978947368421,0.799978947368421,0.799978947368421,0.0,0.0,0.0,0.0,0.0,0.0,0.0,0.0,0.0,0.0,0.0,0.0,0.0,0.0,0.0
handler,handler_latency,handler_dist,const,9,issue,0.09998947368421053,0.09998947368421053,0.09998947368421053,0.9998947368421053,0.9998947368421053,0.9998947368421053,17.0,17.0,17.0,17.0,17.0,17.0,17.0,17.0,17.0,0.0,0.0,0.0,0.0,0.0,0.0,0.8,0.8,0.8,0.8999789473684212,0.8999789473684211,0.8999789473684211,0.0,0.0,0.0,0.0,0.0,0.0,0.0,0.0,0.0,0.0,0.0,0.0,0.0,0.0,0.0
handler,handler_latency,handler_dist,const,10,issue,0.09998947368421053,0.09998947368421053,0.09998947368421053,0.9998947368421053,0.9998947368421053,0.9998947368421053,18.0,18.0,18.0,18.0,18.0,18.0,18.0,18.0,18.0,0.0,0.0,0.0,0.0,0.0,0.0,0.8,0.8,0.8,0.999978947368421,0.9999789473684211,0.9999789473684211,0.0,0.0,0.0,0.0,0.0,0.0,0.0,0.0,0.0,0.0,0.0,0.0,0.0,0.0,0.0
handler,handler_latency,handler_dist,const,10.5,handler,0.09513684210526316,0.09513684210526316,0.09513684210526316,0.9513684210526316,0.9513684210526315,0.9513684210526315,105.5,105.5,105.5,105.5,105.5,105.5,105.5,105.5,105.5,0.047621052631578946,0.047621052631578946,0.047621052631578946,0.23810526315789474,0.23810526315789474,0.23810526315789474,0.7618894736842106,0.7618894736842106,0.7618894736842106,0.9999947368421053,0.9999947368421053,0.9999947368421053,4.0,4.0,4.0,4.0,4.0,4.0,1.0,1.0,1.0,1.0,1.0,1.0,0.0,0.0,0.0
handler,handler_latency,handler_dist,const,11,handler,0.09081052631578948,0.09081052631578948,0.09081052631578948,0.9081052631578947,0.9081052631578947,0.9081052631578947,111.0,111.0,111.0,111.0,111.0,111.0,111.0,111.0,111.0,0.09091578947368421,0.09091578947368421,0.09091578947368421,0.27273684210526317,0.27273684210526317,0.27273684210526317,0.7272421052631579,0.7272421052631579,0.7272421052631579,0.999978947368421,0.9999789473684211,0.9999789473684211,4.0,4.0,4.0,4.0,4.0,4.0,1.0,1.0,1.0,1.0,1.0,1.0,0.0,0.0,0.0
handler,handler_latency,handler_dist,const,12,handler,0.08322105263157895,0.08322105263157895,0.08322105263157895,0.8322105263157894,0.8322105263157895,0.8322105263157895,122.0,122.0,122.0,122.0,122.0,122.0,122.0,122.0,122.0,0.16665263157894736,0.16665263157894736,0.16665263157894736,0.3333052631578947,0.3333052631578947,0.3333052631578947,0.6666105263157894,0.6666105263157894,0.6666105263157894,0.9999157894736841,0.9999157894736842,0.9999157894736842,4.0,4.0,4.0,4.0,4.0,4.0,1.0,1.0,1.0,1.0,1.0,1.0,0.0,0.0,0.0
handler,handler_latency,handler_dist,const,14,handler,0.07132631578947368,0.07132631578947368,0.07132631578947368,0.7132631578947368,0.7132631578947368,0.7132631578947368,144.0,144.0,144.0,144.0,144.0,144.0,144.0,144.0,144.0,0.28572631578947366,0.28572631578947366,0.28572631578947366,0.4285894736842105,0.4285894736842105,0.4285894736842105,0.5713684210526315,0.5713684210526315,0.5713684210526315,0.9999578947368422,0.9999578947368422,0.9999578947368422,4.0,4.0,4.0,4.0,4.0,4.0,1.0,1.0,1.0,1.0,1.0,1.0,0.0,0.0,0.0
handler,handler_latency,handler_dist,const,16,handler,0.06238947368421053,0.06238947368421053,0.06238947368421053,0.6238947368421053,0.6238947368421053,0.6238947368421053,166.0,166.0,166.0,166.0,166.0,166.0,166.0,166.0,166.0,0.37496842105263156,0.37496842105263156,0.37496842105263156,0.49995789473684205,0.4999578947368421,0.4999578947368421,0.49995789473684205,0.4999578947368421,0.4999578947368421,0.9999157894736841,0.9999157894736842,0.9999157894736842,4.0,4.0,4.0,4.0,4.0,4.0,1.0,1.0,1.0,1.0,1.0,1.0,0.0,0.0,0.0
handler,handler_latency,handler_dist,exp,4,issue,0.09999578947368422,0.09998947368421053,0.1,0.9999578947368422,0.9998947368421053,1.0,12.485989928506154,12.450528073516848,12.5375302092811,11.08512961785018,11.049946738086874,11.146756902191555,28.848840199898405,28.393879887502408,29.396315808640793,0.0,0.0,0.0,0.0,0.0,0.0,0.8,0.8,0.8,0.3999680483908379,0.3964138375770622,0.4027139474703763,0.0,0.0,0.0,0.048691035031275906,0.046915444753680965,0.05103907345773311,0.0,0.0,0.0,7.715627990120802e-05,1.7749734952782379e-06,0.00015098321423249314,0.0,0.0,0.0
handler,handler_latency,handler_dist,exp,6,issue,0.09999578947368422,0.09998947368421053,0.1,0.9999578947368422,0.9998947368421053,1.0,16.951925651764377,16.849895353942763,17.25841293647645,14.12641563361176,14.031621020301827,14.223218634891964,50.0434013301543,47.940655336977215,54.13842965094955,0.0,0.0,0.0,0.0014522353241393725,0.0008532817220218547,0.00261612673116437,0.8,0.8,0.8,0.5999707344070035,0.5946839142603418,0.6040709212055672,0.005349419963472949,0.0014252551982678549,0.011590602254076772,0.2885324777863705,0.28097082392475914,0.30756364345684417,3.4549207984237e-05,0.0,0.00016226188049860005,0.006512249246711577,0.004924739703612182,0.00930928468100254,0.0,0.0,0.0
handler,handler_latency,handler_dist,exp,8,issue,0.09970105263157894,0.09946315789473684,0.09978947368421053,0.9970105263157893,0.9946315789473684,0.9978947368421053,29.09332652242557,28.270769746126625,30.351474498409154,23.14528164060757,22.298553242741036,23.60396166083956,98.15174998571202,93.9115366476617,107.54415454211994,0.00268024548578325,0.0017788509937878667,0.004734860388937351,0.029797075864347582,0.02673665327256123,0.03536409484522201,0.7977790995049335,0.7959578947368421,0.7985474220588176,0.7979594302057499,0.7910669579193649,0.8032237876808768,0.2096061801316044,0.16967791557459297,0.25789294897548065,1.063752543989168,0.9960674843720675,1.125297047609344,0.012865395867835288,0.010075718834085992,0.018824109715329867,0.08649090655061224,0.07708168157075926,0.09882334816221161,0.0,0.0,0.0
handler,handler_latency,handler_dist,exp,9,issue,0.09834947368421051,0.09793684210526316,0.09855789473684211,0.9834947368421052,0.9793684210526316,0.985578947368421,43.18599782217401,41.19612627880583,44.52629107701318,36.04162203888336,33.82971749918943,38.10563942254157,131.09210039836762,124.863577355296,138.94809126338805,0.01594222962241538,0.014148712491058597,0.019596685519427965,0.08456320664132273,0.07680824329510552,0.09126093207800325,0.7870983819390917,0.7839853447798845,0.7886116796932096,0.8863107289643819,0.8799970917940005,0.8926467061446047,0.706583057061193,0.6222291720958752,0.7903023281913291,1.769881170211247,1.67875611998056,1.8540875966443913,0.06416676146944573,0.05660710443470746,0.07587901686567698,0.2142718560110421,0.19716159715689768,0.22578051367130683,0.0,0.0,0.0
handler,handler_latency,handler_dist,exp,10,issue,0.0948021052631579,0.09432631578947369,0.0952,0.9480210526315789,0.9432631578947368,0.952,62.564872765011174,60.71944996984701,64.83119667697338,57.410925266308915,55.23080281697912,60.935303326339636,165.2039733712707,160.70205766957952,177.09413459275675,0.051274086582170544,0.04704674617302904,0.055964920287967186,0.16712866985109529,0.15912608312672502,0.17538950071129097,0.7589475377170113,0.7550352472216828,0.762482634598605,0.9481573912166216,0.9449028624012266,0.9526840319963488,1.5106350566006848,1.4288821394605102,1.616332782440442,2.499624236459346,2.4218815313265885,2.5878353779716203,0.17824271003469877,0.16617405836398322,0.1858339310921771,0.381321322812635,0.3639690874112951,0.39938092235028505,0.0,0.0,0.0
handler,handler_latency,handler_dist,exp,10.5,handler,0.09205263157894736,0.09154736842105263,0.09261052631578948,0.9205263157894737,0.9154736842105263,0.9261052631578948,73.29543601130135,70.88387722557127,75.92002837780997,69.3582027908371,65.77334189417161,73.1277592722472,180.35361000722042,176.33480075629632,192.434580820438,0.07850463901648543,0.07268550311289315,0.08363896864003038,0.21216550153094302,0.2032066121889503,0.2208874737527306,0.7371081678968878,0.7328,0.7416903622669949,0.9670606991665339,0.9649307504239696,0.9701330598608764,1.965036402928467,1.8589498686944226,2.0854976497182856,2.7948402102191903,2.7175723713106557,2.8773175302349534,0.25680794451577144,0.241443285686465,0.2741187079941909,0.46068426512635935,0.4390369021316472,0.47941647616991295,0.0,0.0,0.0
handler,handler_latency,handler_dist,exp,11,handler,0.08901684210526314,0.08844210526315789,0.08978947368421053,0.8901684210526316,0.884421052631579,0.8978947368421053,83.41626361318087,81.40655796029336,85.16186308105499,79.78588191613089,76.11962289409712,82.54628289199536,195.40726210440772,190.5013452705025,206.41709308422287,0.10902569654461473,0.10167509465286761,0.11503150284962094,0.2538300212659673,0.24595209051041178,0.25973069618298295,0.7128277108305174,0.7077929580419624,0.7189894736842105,0.9795165451663616,0.9789164626685282,0.9801423031331498,2.3486552322443734,2.2384514633335995,2.4371869600122658,3.030648010926737,2.989813966689478,3.077542852652142,0.3368306549954187,0.3165409881018512,0.35117010925871894,0.530865172865602,0.5175168681727053,0.5443356185709478,0.0,0.0,0.0
handler,handler_latency,handler_dist,exp,12,handler,0.08263368421052632,0.08210526315789474,0.08318947368421052,0.8263368421052633,0.8210526315789474,0.8318947368421052,102.32016751334112,100.86342369036535,103.1745299629699,98.58094813054049,95.27590935166518,101.03492420644034,221.46463513720374,211.677224209634,232.1970832980951,0.1728619665816399,0.16706175020424616,0.1782042268504006,0.32670881425144704,0.3221495628793894,0.33149497163729363,0.6616835967205128,0.6571748056432078,0.6662736842105264,0.9920685978229532,0.9913421791841531,0.9935573961306314,2.963281946823718,2.9139098590657784,3.005827131931192,3.3465011289397837,3.312146002969379,3.3715331422587784,0.4861853769726193,0.4681646862100875,0.5016061124951674,0.6388511655189323,0.6290769964417858,0.6441478267422395,0.0,0.0,0.0
handler,handler_latency,handler_dist,exp,14,handler,0.07108421052631579,0.07057894736842105,0.0718,0.7108421052631579,0.7057894736842105,0.718,132.88454272999252,130.97271561894345,134.08019387222672,128.1732352351064,127.10035294802219,129.6497353647901,265.1232445429749,254.79595579157467,280.44892806019925,0.28812999301559444,0.2807895741926332,0.29330203990657006,0.42950625705154427,0.4233127640691394,0.43387489137830204,0.5694374599211189,0.5653894736842106,0.5752762874792174,0.9982652165830643,0.9979116334617837,0.9987596539572785,3.53916475986222,3.517796726260659,3.5652195542448677,3.6358662432549442,3.618597184328497,3.6478928645893283,0.6888829680639985,0.6807497217431026,0.6954496170268814,0.7610915851599922,0.7562874506983578,0.7654564144066547,0.0,0.0,0.0
handler,handler_latency,handler_dist,exp,16,handler,0.0622421052631579,0.061726315789473685,0.06312631578947368,0.622421052631579,0.6172631578947368,0.6312631578947369,158.42933761094582,155.75392696535474,159.9560169051542,153.28587099839223,151.955880651426,154.67465113610524,306.68592811014497,292.85124024606375,329.5075429195058,0.37630753753226376,0.3675463031102301,0.3815372798456524,0.5009077501100921,0.4937606225894755,0.5051793851088103,0.4988019163752613,0.49466149763743267,0.5058069726863453,0.999146992735584,0.9989216838377832,0.9994338304584175,3.746114626675895,3.729928212910577,3.758868241703473,3.7576385799012053,3.747923313250146,3.7693234243587677,0.7962795834823156,0.7868736631910124,0.8026253345248806,0.8266843422479269,0.8216432035504364,0.8298818489717946,0.0,0.0,0.0
burst,req_fifo_depth,burst_len,4,2,issue,0.075,0.075,0.075,0.75,0.75,0.75,21.0,21.0,21.0,21.0,21.0,21.0,28.0,28.0,28.0,0.0,0.0,0.0,0.0,0.0,0.0,0.6,0.6,0.6,0.45,0.45,0.45,0.525,0.525,0.525,0.0,0.0,0.0,0.15,0.15,0.15,0.0,0.0,0.0,0.25,0.25,0.25
burst,req_fifo_depth,burst_len,4,4,issue,0.1,0.1,0.1,1.0,1.0,1.0,24.5,24.5,24.5,28.0,28.0,28.0,35.0,35.0,35.0,0.0,0.0,0.0,0.0,0.0,0.0,0.8,0.8,0.8,0.6,0.6,0.6,1.05,1.05,1.05,0.0,0.0,0.0,0.0,0.0,0.0,0.0,0.0,0.0,0.0,0.0,0.0
burst,req_fifo_depth,burst_len,4,8,issue,0.1,0.1,0.1,1.0,1.0,1.0,24.5,24.5,24.5,28.0,28.0,28.0,35.0,35.0,35.0,0.0,0.0,0.0,0.0,0.0,0.0,0.8,0.8,0.8,0.6,0.6,0.6,1.05,1.05,1.05,0.0,0.0,0.0,0.0,0.0,0.0,0.0,0.0,0.0,0.0,0.0,0.0
burst,req_fifo_depth,burst_len,4,12,issue,0.1,0.1,0.1,1.0,1.0,1.0,24.5,24.5,24.5,28.0,28.0,28.0,35.0,35.0,35.0,0.0,0.0,0.0,0.0,0.0,0.0,0.8,0.8,0.8,0.6,0.6,0.6,1.05,1.05,1.05,0.0,0.0,0.0,0.0,0.0,0.0,0.0,0.0,0.0,0.0,0.0,0.0
burst,req_fifo_depth,burst_len,4,16,issue,0.1,0.1,0.1,1.0,1.0,1.0,24.5,24.5,24.5,28.0,28.0,28.0,35.0,35.0,35.0,0.0,0.0,0.0,0.0,0.0,0.0,0.8,0.8,0.8,0.6,0.6,0.6,1.05,1.05,1.05,0.0,0.0,0.0,0.0,0.0,0.0,0.0,0.0,0.0,0.0,0.0,0.0
burst,req_fifo_depth,burst_len,4,24,issue,0.1,0.1,0.1,1.0,1.0,1.0,24.5,24.5,24.5,28.0,28.0,28.0,35.0,35.0,35.0,0.0,0.0,0.0,0.0,0.0,0.0,0.8,0.8,0.8,0.6,0.6,0.6,1.05,1.05,1.05,0.0,0.0,0.0,0.0,0.0,0.0,0.0,0.0,0.0,0.0,0.0,0.0
burst,req_fifo_depth,burst_len,4,32,issue,0.1,0.1,0.1,1.0,1.0,1.0,24.5,24.5,24.5,28.0,28.0,28.0,35.0,35.0,35.0,0.0,0.0,0.0,0.0,0.0,0.0,0.8,0.8,0.8,0.6,0.6,0.6,1.05,1.05,1.05,0.0,0.0,0.0,0.0,0.0,0.0,0.0,0.0,0.0,0.0,0.0,0.0
burst,req_fifo_depth,burst_len,8,2,issue,0.03748421052631579,0.03748421052631579,0.03748421052631579,0.3748421052631579,0.3748421052631579,0.3748421052631579,21.0,21.0,21.0,21.0,21.0,21.0,28.0,28.0,28.0,0.0,0.0,0.0,0.0,0.0,0.0,0.2998736842105263,0.2998736842105263,0.2998736842105263,0.22490526315789477,0.22490526315789475,0.22490526315789475,0.2623894736842105,0.2623894736842105,0.2623894736842105,0.0,0.0,0.0,0.07496842105263157,0.07496842105263157,0.07496842105263157,0.0,0.0,0.0,0.625,0.625,0.625
burst,req_fifo_depth,burst_len,8,4,issue,0.06247368421052631,0.06247368421052631,0.06247368421052631,0.6247368421052631,0.6247368421052631,0.6247368421052631,28.0,28.0,28.0,28.0,28.0,28.0,42.0,42.0,42.0,0.0,0.0,0.0,0.0,0.0,0.0,0.4997894736842105,0.4997894736842105,0.4997894736842105,0.37490526315789474,0.37490526315789474,0.37490526315789474,0.8746315789473684,0.8746315789473684,0.8746315789473684,0.0,0.0,0.0,0.04997894736842105,0.04997894736842105,0.04997894736842105,0.0,0.0,0.0,0.375,0.375,0.375
burst,req_fifo_depth,burst_len,8,8,issue,0.0999578947368421,0.0999578947368421,0.0999578947368421,0.999578947368421,0.999578947368421,0.999578947368421,38.5,38.5,38.5,42.0,42.0,42.0,63.0,63.0,63.0,0.0,0.0,0.0,0.0,0.0,0.0,0.7999157894736842,0.7999157894736842,0.7999157894736842,0.6,0.6,0.6,2.4492210526315787,2.4492210526315787,2.4492210526315787,0.0,0.0,0.0,0.0,0.0,0.0,0.0,0.0,0.0,0.0,0.0,0.0
burst,req_fifo_depth,burst_len,8,12,issue,0.0999578947368421,0.0999578947368421,0.0999578947368421,0.999578947368421,0.999578947368421,0.999578947368421,38.5,38.5,38.5,42.0,42.0,42.0,63.0,63.0,63.0,0.0,0.0,0.0,0.0,0.0,0.0,0.7999157894736842,0.7999157894736842,0.7999157894736842,0.6,0.6,0.6,2.4492210526315787,2.4492210526315787,2.4492210526315787,0.0,0.0,0.0,0.0,0.0,0.0,0.0,0.0,0.0,0.0,0.0,0.0
burst,req_fifo_depth,burst_len,8,16,issue,0.0999578947368421,0.0999578947368421,0.0999578947368421,0.999578947368421,0.999578947368421,0.999578947368421,38.5,38.5,38.5,42.0,42.0,42.0,63.0,63.0,63.0,0.0,0.0,0.0,0.0,0.0,0.0,0.7999157894736842,0.7999157894736842,0.7999157894736842,0.6,0.6,0.6,2.4492210526315787,2.4492210526315787,2.4492210526315787,0.0,0.0,0.0,0.0,0.0,0.0,0.0,0.0,0.0,0.0,0.0,0.0
burst,req_fifo_depth,burst_len,8,24,issue,0.0999578947368421,0.0999578947368421,0.0999578947368421,0.999578947368421,0.999578947368421,0.999578947368421,38.5,38.5,38.5,42.0,42.0,42.0,63.0,63.0,63.0,0.0,0.0,0.0,0.0,0.0,0.0,0.7999157894736842,0.7999157894736842,0.7999157894736842,0.6,0.6,0.6,2.4492210526315787,2.4492210526315787,2.4492210526315787,0.0,0.0,0.0,0.0,0.0,0.0,0.0,0.0,0.0,0.0,0.0,0.0
burst,req_fifo_depth,burst_len,8,32,issue,0.0999578947368421,0.0999578947368421,0.0999578947368421,0.999578947368421,0.999578947368421,0.999578947368421,38.5,38.5,38.5,42.0,42.0,42.0,63.0,63.0,63.0,0.0,0.0,0.0,0.0,0.0,0.0,0.7999157894736842,0.7999157894736842,0.7999157894736842,0.6,0.6,0.6,2.4492210526315787,2.4492210526315787,2.4492210526315787,0.0,0.0,0.0,0.0,0.0,0.0,0.0,0.0,0.0,0.0,0.0,0.0
burst,req_fifo_depth,burst_len,16,2,issue,0.024968421052631577,0.024968421052631577,0.024968421052631577,0.2496842105263158,0.2496842105263158,0.2496842105263158,23.0,23.0,23.0,28.0,28.0,28.0,29.0,29.0,29.0,0.0,0.0,0.0,0.0,0.0,0.0,0.19974736842105262,0.19974736842105262,0.19974736842105262,0.14981052631578948,0.14981052631578948,0.14981052631578948,0.2247157894736842,0.2247157894736842,0.2247157894736842,0.0,0.0,0.0,0.08114736842105263,0.08114736842105263,0.08114736842105263,0.0,0.0,0.0,0.75,0.75,0.75
burst,req_fifo_depth,burst_len,16,4,issue,0.03745263157894737,0.03745263157894737,0.03745263157894737,0.3745263157894737,0.3745263157894737,0.3745263157894737,30.833333333333332,30.833333333333332,30.833333333333332,35.0,35.0,35.0,45.0,45.0,45.0,0.0,0.0,0.0,0.0,0.0,0.0,0.29970526315789475,0.29970526315789475,0.29970526315789475,0.2248421052631579,0.2248421052631579,0.2248421052631579,0.6304526315789474,0.6304526315789474,0.6304526315789474,0.0,0.0,0.0,0.06866315789473684,0.06866315789473684,0.06866315789473684,0.0,0.0,0.0,0.625,0.625,0.625
burst,req_fifo_depth,burst_len,16,8,issue,0.06242105263157895,0.06242105263157895,0.06242105263157895,0.6242105263157894,0.6242105263157894,0.6242105263157894,45.5,45.5,45.5,49.0,49.0,49.0,77.0,77.0,77.0,0.0,0.0,0.0,0.0,0.0,0.0,0.4997894736842105,0.4997894736842105,0.4997894736842105,0.37490526315789474,0.37490526315789474,0.37490526315789474,1.9671052631578945,1.9671052631578947,1.9671052631578947,0.0,0.0,0.0,0.043694736842105265,0.043694736842105265,0.043694736842105265,0.0,0.0,0.0,0.375,0.375,0.375
burst,req_fifo_depth,burst_len,16,12,issue,0.08738947368421053,0.08738947368421053,0.08738947368421053,0.8738947368421053,0.8738947368421053,0.8738947368421053,59.5,59.5,59.5,63.0,63.0,63.0,105.0,105.0,105.0,0.0,0.0,0.0,0.0,0.0,0.0,0.6998736842105263,0.6998736842105263,0.6998736842105263,0.5249684210526315,0.5249684210526315,0.5249684210526315,3.979252631578947,3.979252631578947,3.979252631578947,0.0,0.0,0.0,0.018726315789473685,0.018726315789473685,0.018726315789473685,0.0,0.0,0.0,0.125,0.125,0.125
burst,req_fifo_depth,burst_len,16,16,issue,0.09987368421052631,0.09987368421052631,0.09987368421052631,0.9987368421052631,0.9987368421052631,0.9987368421052631,66.5,66.5,66.5,70.0,70.0,70.0,119.0,119.0,119.0,0.0,0.0,0.0,0.0,0.0,0.0,0.7999157894736842,0.7999157894736842,0.7999157894736842,0.6,0.6,0.6,5.248,5.248,5.248,0.0,0.0,0.0,0.0,0.0,0.0,0.0,0.0,0.0,0.0,0.0,0.0
burst,req_fifo_depth,burst_len,16,24,issue,0.09987368421052631,0.09987368421052631,0.09987368421052631,0.9987368421052631,0.9987368421052631,0.9987368421052631,66.5,66.5,66.5,70.0,70.0,70.0,119.0,119.0,119.0,0.0,0.0,0.0,0.0,0.0,0.0,0.7999157894736842,0.7999157894736842,0.7999157894736842,0.6,0.6,0.6,5.248,5.248,5.248,0.0,0.0,0.0,0.0,0.0,0.0,0.0,0.0,0.0,0.0,0.0,0.0
burst,req_fifo_depth,burst_len,16,32,issue,0.09987368421052631,0.09987368421052631,0.09987368421052631,0.9987368421052631,0.9987368421052631,0.9987368421052631,66.5,66.5,66.5,70.0,70.0,70.0,119.0,119.0,119.0,0.0,0.0,0.0,0.0,0.0,0.0,0.7999157894736842,0.7999157894736842,0.7999157894736842,0.6,0.6,0.6,5.248,5.248,5.248,0.0,0.0,0.0,0.0,0.0,0.0,0.0,0.0,0.0,0.0,0.0,0.0
burst,req_fifo_depth,burst_len,32,2,issue,0.018757894736842105,0.018757894736842105,0.018757894736842105,0.18757894736842104,0.18757894736842104,0.18757894736842104,25.0,25.0,25.0,29.0,29.0,29.0,29.0,29.0,29.0,0.0,0.0,0.0,0.0,0.0,0.0,0.15006315789473684,0.15006315789473684,0.15006315789473684,0.11254736842105265,0.11254736842105263,0.11254736842105263,0.20633684210526315,0.20633684210526315,0.20633684210526315,0.0,0.0,0.0,0.08441052631578948,0.08441052631578948,0.08441052631578948,0.0,0.0,0.0,0.8125,0.8125,0.8125
burst,req_fifo_depth,burst_len,32,4,issue,0.025010526315789473,0.025010526315789473,0.025010526315789473,0.2501052631578947,0.2501052631578947,0.2501052631578947,34.375,34.375,34.375,42.0,42.0,42.0,45.0,45.0,45.0,0.0,0.0,0.0,0.0,0.0,0.0,0.20008421052631578,0.20008421052631578,0.20008421052631578,0.15006315789473684,0.15006315789473684,0.15006315789473684,0.5095894736842105,0.5095894736842105,0.5095894736842105,0.0,0.0,0.0,0.0781578947368421,0.0781578947368421,0.0781578947368421,0.0,0.0,0.0,0.75,0.75,0.75
burst,req_fifo_depth,burst_len,32,8,issue,0.03751578947368421,0.03751578947368421,0.03751578947368421,0.3751578947368421,0.3751578947368421,0.3751578947368421,50.75,50.75,50.75,56.0,56.0,56.0,77.0,77.0,77.0,0.0,0.0,0.0,0.0,0.0,0.0,0.3001263157894737,0.3001263157894737,0.3001263157894737,0.2250947368421053,0.22509473684210526,0.22509473684210526,1.3787052631578947,1.3787052631578947,1.3787052631578947,0.0,0.0,0.0,0.06565263157894737,0.06565263157894737,0.06565263157894737,0.0,0.0,0.0,0.625,0.625,0.625
burst,req_fifo_depth,burst_len,32,12,issue,0.050021052631578945,0.050021052631578945,0.050021052631578945,0.5002105263157894,0.5002105263157894,0.5002105263157894,65.6875,65.6875,65.6875,70.0,70.0,70.0,109.0,109.0,109.0,0.0,0.0,0.0,0.0,0.0,0.0,0.40016842105263156,0.40016842105263156,0.40016842105263156,0.3001263157894737,0.3001263157894737,0.3001263157894737,2.5854631578947367,2.5854631578947367,2.5854631578947367,0.0,0.0,0.0,0.05314736842105263,0.05314736842105263,0.05314736842105263,0.0,0.0,0.0,0.5,0.5,0.5
burst,req_fifo_depth,burst_len,32,16,issue,0.0625157894736842,0.0625157894736842,0.0625157894736842,0.6251578947368421,0.6251578947368421,0.6251578947368421,80.189762586294,80.189762586294,80.189762586294,77.0,77.0,77.0,141.0,141.0,141.0,0.0,0.0,0.0,0.0,0.0,0.0,0.5001263157894736,0.5001263157894736,0.5001263157894736,0.37509473684210526,0.37509473684210526,0.37509473684210526,4.139242105263158,4.139242105263158,4.139242105263158,0.0,0.0,0.0,0.040642105263157896,0.040642105263157896,0.040642105263157896,0.0,0.0,0.0,0.375,0.375,0.375
burst,req_fifo_depth,burst_len,32,24,issue,0.08744210526315789,0.08744210526315789,0.08744210526315789,0.874421052631579,0.874421052631579,0.874421052631579,108.42795232936078,108.42795232936078,108.42795232936078,105.0,105.0,105.0,203.0,203.0,203.0,0.0,0.0,0.0,0.0,0.0,0.0,0.6997894736842105,0.6997894736842105,0.6997894736842105,0.5249052631578948,0.5249052631578948,0.5249052631578948,8.270126315789474,8.270126315789474,8.270126315789474,0.0,0.0,0.0,0.01563157894736842,0.01563157894736842,0.01563157894736842,0.0,0.0,0.0,0.125,0.125,0.125
burst,req_fifo_depth,burst_len,32,32,issue,0.09990526315789473,0.09990526315789473,0.09990526315789473,0.9990526315789474,0.9990526315789474,0.9990526315789474,122.4089137077231,122.4089137077231,122.4089137077231,119.0,119.0,119.0,231.0,231.0,231.0,0.0,0.0,0.0,0.0,0.0,0.0,0.7998315789473684,0.7998315789473684,0.7998315789473684,0.5999368421052632,0.5999368421052632,0.5999368421052632,10.85077894736842,10.85077894736842,10.85077894736842,0.0,0.0,0.0,0.0,0.0,0.0,0.0,0.0,0.0,0.0,0.0,0.0
credit,credit_return_latency,req_fifo_depth,2,0,issue,0.09998947368421053,0.09998947368421053,0.09998947368421053,0.9998947368421053,0.9998947368421053,0.9998947368421053,14.0,14.0,14.0,14.0,14.0,14.0,14.0,14.0,14.0,0.0,0.0,0.0,0.0,0.0,0.0,0.8,0.8,0.8,0.5999789473684211,0.5999789473684211,0.5999789473684211,0.0,0.0,0.0,0.0,0.0,0.0,0.0,0.0,0.0,0.0,0.0,0.0,0.0,0.0,0.0
credit,credit_return_latency,req_fifo_depth,2,4,issue,0.09998947368421053,0.09998947368421053,0.09998947368421053,0.9998947368421053,0.9998947368421053,0.9998947368421053,14.0,14.0,14.0,14.0,14.0,14.0,14.0,14.0,14.0,0.0,0.0,0.0,0.0,0.0,0.0,0.8,0.8,0.8,0.5999789473684211,0.5999789473684211,0.5999789473684211,0.0,0.0,0.0,0.0,0.0,0.0,0.0,0.0,0.0,0.0,0.0,0.0,0.0,0.0,0.0
credit,credit_return_latency,req_fifo_depth,2,8,issue,0.09998947368421053,0.09998947368421053,0.09998947368421053,0.9998947368421053,0.9998947368421053,0.9998947368421053,14.0,14.0,14.0,14.0,14.0,14.0,14.0,14.0,14.0,0.0,0.0,0.0,0.0,0.0,0.0,0.8,0.8,0.8,0.5999789473684211,0.5999789473684211,0.5999789473684211,0.0,0.0,0.0,0.0,0.0,0.0,0.0,0.0,0.0,0.0,0.0,0.0,0.0,0.0,0.0
credit,credit_return_latency,req_fifo_depth,2,16,issue,0.09998947368421053,0.09998947368421053,0.09998947368421053,0.9998947368421053,0.9998947368421053,0.9998947368421053,14.0,14.0,14.0,14.0,14.0,14.0,14.0,14.0,14.0,0.0,0.0,0.0,0.0,0.0,0.0,0.8,0.8,0.8,0.5999789473684211,0.5999789473684211,0.5999789473684211,0.0,0.0,0.0,0.0,0.0,0.0,0.0,0.0,0.0,0.0,0.0,0.0,0.0,0.0,0.0
credit,credit_return_latency,req_fifo_depth,2,24,credit_loop,0.08332631578947368,0.08332631578947368,0.08332631578947368,0.8332631578947367,0.8332631578947368,0.8332631578947368,16.0,16.0,16.0,18.0,18.0,18.0,18.0,18.0,18.0,0.16665263157894736,0.16665263157894736,0.16665263157894736,0.0,0.0,0.0,0.6666105263157894,0.6666105263157894,0.6666105263157894,0.5000210526315789,0.5000210526315789,0.5000210526315789,0.0,0.0,0.0,0.0,0.0,0.0,0.0,0.0,0.0,0.0,0.0,0.0,0.0,0.0,0.0
credit,credit_return_latency,req_fifo_depth,2,32,credit_loop,0.062494736842105256,0.06249473684210526,0.06249473684210526,0.6249473684210526,0.6249473684210526,0.6249473684210526,19.998989388580092,19.998989388580092,19.998989388580092,14.0,14.0,14.0,26.0,26.0,26.0,0.37490526315789474,0.37490526315789474,0.37490526315789474,0.0,0.0,0.0,0.49995789473684205,0.4999578947368421,0.4999578947368421,0.37503157894736844,0.37503157894736844,0.37503157894736844,0.0,0.0,0.0,0.0,0.0,0.0,0.0,0.0,0.0,0.0,0.0,0.0,0.0,0.0,0.0
credit,credit_return_latency,req_fifo_depth,2,48,credit_loop,0.04166315789473684,0.04166315789473684,0.04166315789473684,0.41663157894736835,0.4166315789473684,0.4166315789473684,28.0,28.0,28.0,42.0,42.0,42.0,42.0,42.0,42.0,0.5832842105263157,0.5832842105263157,0.5832842105263157,0.0,0.0,0.0,0.3333052631578947,0.3333052631578947,0.3333052631578947,0.2500421052631579,0.2500421052631579,0.2500421052631579,0.0,0.0,0.0,0.0,0.0,0.0,0.0,0.0,0.0,0.0,0.0,0.0,0.0,0.0,0.0
credit,credit_return_latency,req_fifo_depth,2,64,credit_loop,0.031252631578947365,0.031252631578947365,0.031252631578947365,0.3125263157894737,0.3125263157894737,0.3125263157894737,35.992590097675986,35.992590097675986,35.992590097675986,14.0,14.0,14.0,58.0,58.0,58.0,0.6873263157894737,0.6873263157894737,0.6873263157894737,0.0,0.0,0.0,0.2500210526315789,0.2500210526315789,0.2500210526315789,0.18757894736842104,0.18757894736842104,0.18757894736842104,0.0,0.0,0.0,0.0,0.0,0.0,0.0,0.0,0.0,0.0,0.0,0.0,0.0,0.0,0.0
credit,credit_return_latency,req_fifo_depth,4,0,issue,0.09998947368421053,0.09998947368421053,0.09998947368421053,0.9998947368421053,0.9998947368421053,0.9998947368421053,14.0,14.0,14.0,14.0,14.0,14.0,14.0,14.0,14.0,0.0,0.0,0.0,0.0,0.0,0.0,0.8,0.8,0.8,0.5999789473684211,0.5999789473684211,0.5999789473684211,0.0,0.0,0.0,0.0,0.0,0.0,0.0,0.0,0.0,0.0,0.0,0.0,0.0,0.0,0.0
credit,credit_return_latency,req_fifo_depth,4,4,issue,0.09998947368421053,0.09998947368421053,0.09998947368421053,0.9998947368421053,0.9998947368421053,0.9998947368421053,14.0,14.0,14.0,14.0,14.0,14.0,14.0,14.0,14.0,0.0,0.0,0.0,0.0,0.0,0.0,0.8,0.8,0.8,0.5999789473684211,0.5999789473684211,0.5999789473684211,0.0,0.0,0.0,0.0,0.0,0.0,0.0,0.0,0.0,0.0,0.0,0.0,0.0,0.0,0.0
credit,credit_return_latency,req_fifo_depth,4,8,issue,0.09998947368421053,0.09998947368421053,0.09998947368421053,0.9998947368421053,0.9998947368421053,0.9998947368421053,14.0,14.0,14.0,14.0,14.0,14.0,14.0,14.0,14.0,0.0,0.0,0.0,0.0,0.0,0.0,0.8,0.8,0.8,0.5999789473684211,0.5999789473684211,0.5999789473684211,0.0,0.0,0.0,0.0,0.0,0.0,0.0,0.0,0.0,0.0,0.0,0.0,0.0,0.0,0.0
credit,credit_return_latency,req_fifo_depth,4,16,issue,0.09998947368421053,0.09998947368421053,0.09998947368421053,0.9998947368421053,0.9998947368421053,0.9998947368421053,14.0,14.0,14.0,14.0,14.0,14.0,14.0,14.0,14.0,0.0,0.0,0.0,0.0,0.0,0.0,0.8,0.8,0.8,0.5999789473684211,0.5999789473684211,0.5999789473684211,0.0,0.0,0.0,0.0,0.0,0.0,0.0,0.0,0.0,0.0,0.0,0.0,0.0,0.0,0.0
credit,credit_return_latency,req_fifo_depth,4,24,issue,0.09998947368421053,0.09998947368421053,0.09998947368421053,0.9998947368421053,0.9998947368421053,0.9998947368421053,14.0,14.0,14.0,14.0,14.0,14.0,14.0,14.0,14.0,0.0,0.0,0.0,0.0,0.0,0.0,0.8,0.8,0.8,0.5999789473684211,0.5999789473684211,0.5999789473684211,0.0,0.0,0.0,0.0,0.0,0.0,0.0,0.0,0.0,0.0,0.0,0.0,0.0,0.0,0.0
credit,credit_return_latency,req_fifo_depth,4,32,issue,0.09998947368421053,0.09998947368421053,0.09998947368421053,0.9998947368421053,0.9998947368421053,0.9998947368421053,14.0,14.0,14.0,14.0,14.0,14.0,14.0,14.0,14.0,0.0,0.0,0.0,0.0,0.0,0.0,0.8,0.8,0.8,0.5999789473684211,0.5999789473684211,0.5999789473684211,0.0,0.0,0.0,0.0,0.0,0.0,0.0,0.0,0.0,0.0,0.0,0.0,0.0,0.0,0.0
credit,credit_return_latency,req_fifo_depth,4,48,credit_loop,0.08332631578947368,0.08332631578947368,0.08332631578947368,0.8332631578947367,0.8332631578947368,0.8332631578947368,16.0,16.0,16.0,14.0,14.0,14.0,22.0,22.0,22.0,0.16665263157894736,0.16665263157894736,0.16665263157894736,0.0,0.0,0.0,0.6666105263157894,0.6666105263157894,0.6666105263157894,0.5000210526315789,0.5000210526315789,0.5000210526315789,0.0,0.0,0.0,0.0,0.0,0.0,0.0,0.0,0.0,0.0,0.0,0.0,0.0,0.0,0.0
credit,credit_return_latency,req_fifo_depth,4,64,credit_loop,0.062494736842105256,0.06249473684210526,0.06249473684210526,0.6249473684210526,0.6249473684210526,0.6249473684210526,19.998989388580092,19.998989388580092,19.998989388580092,14.0,14.0,14.0,38.0,38.0,38.0,0.37490526315789474,0.37490526315789474,0.37490526315789474,0.0,0.0,0.0,0.5000421052631578,0.5000421052631578,0.5000421052631578,0.37503157894736844,0.37503157894736844,0.37503157894736844,0.0,0.0,0.0,0.0,0.0,0.0,0.0,0.0,0.0,0.0,0.0,0.0,0.0,0.0,0.0
credit,credit_return_latency,req_fifo_depth,8,0,issue,0.09998947368421053,0.09998947368421053,0.09998947368421053,0.9998947368421053,0.9998947368421053,0.9998947368421053,14.0,14.0,14.0,14.0,14.0,14.0,14.0,14.0,14.0,0.0,0.0,0.0,0.0,0.0,0.0,0.8,0.8,0.8,0.5999789473684211,0.5999789473684211,0.5999789473684211,0.0,0.0,0.0,0.0,0.0,0.0,0.0,0.0,0.0,0.0,0.0,0.0,0.0,0.0,0.0
credit,credit_return_latency,req_fifo_depth,8,4,issue,0.09998947368421053,0.09998947368421053,0.09998947368421053,0.9998947368421053,0.9998947368421053,0.9998947368421053,14.0,14.0,14.0,14.0,14.0,14.0,14.0,14.0,14.0,0.0,0.0,0.0,0.0,0.0,0.0,0.8,0.8,0.8,0.5999789473684211,0.5999789473684211,0.5999789473684211,0.0,0.0,0.0,0.0,0.0,0.0,0.0,0.0,0.0,0.0,0.0,0.0,0.0,0.0,0.0
credit,credit_return_latency,req_fifo_depth,8,8,issue,0.09998947368421053,0.09998947368421053,0.09998947368421053,0.9998947368421053,0.9998947368421053,0.9998947368421053,14.0,14.0,14.0,14.0,14.0,14.0,14.0,14.0,14.0,0.0,0.0,0.0,0.0,0.0,0.0,0.8,0.8,0.8,0.5999789473684211,0.5999789473684211,0.5999789473684211,0.0,0.0,0.0,0.0,0.0,0.0,0.0,0.0,0.0,0.0,0.0,0.0,0.0,0.0,0.0
credit,credit_return_latency,req_fifo_depth,8,16,issue,0.09998947368421053,0.09998947368421053,0.09998947368421053,0.9998947368421053,0.9998947368421053,0.9998947368421053,14.0,14.0,14.0,14.0,14.0,14.0,14.0,14.0,14.0,0.0,0.0,0.0,0.0,0.0,0.0,0.8,0.8,0.8,0.5999789473684211,0.5999789473684211,0.5999789473684211,0.0,0.0,0.0,0.0,0.0,0.0,0.0,0.0,0.0,0.0,0.0,0.0,0.0,0.0,0.0
credit,credit_return_latency,req_fifo_depth,8,24,issue,0.09998947368421053,0.09998947368421053,0.09998947368421053,0.9998947368421053,0.9998947368421053,0.9998947368421053,14.0,14.0,14.0,14.0,14.0,14.0,14.0,14.0,14.0,0.0,0.0,0.0,0.0,0.0,0.0,0.8,0.8,0.8,0.5999789473684211,0.5999789473684211,0.5999789473684211,0.0,0.0,0.0,0.0,0.0,0.0,0.0,0.0,0.0,0.0,0.0,0.0,0.0,0.0,0.0
credit,credit_return_latency,req_fifo_depth,8,32,issue,0.09998947368421053,0.09998947368421053,0.09998947368421053,0.9998947368421053,0.9998947368421053,0.9998947368421053,14.0,14.0,14.0,14.0,14.0,14.0,14.0,14.0,14.0,0.0,0.0,0.0,0.0,0.0,0.0,0.8,0.8,0.8,0.5999789473684211,0.5999789473684211,0.5999789473684211,0.0,0.0,0.0,0.0,0.0,0.0,0.0,0.0,0.0,0.0,0.0,0.0,0.0,0.0,0.0
credit,credit_return_latency,req_fifo_depth,8,48,issue,0.09998947368421053,0.09998947368421053,0.09998947368421053,0.9998947368421053,0.9998947368421053,0.9998947368421053,14.0,14.0,14.0,14.0,14.0,14.0,14.0,14.0,14.0,0.0,0.0,0.0,0.0,0.0,0.0,0.8,0.8,0.8,0.5999789473684211,0.5999789473684211,0.5999789473684211,0.0,0.0,0.0,0.0,0.0,0.0,0.0,0.0,0.0,0.0,0.0,0.0,0.0,0.0,0.0
credit,credit_return_latency,req_fifo_depth,8,64,issue,0.09998947368421053,0.09998947368421053,0.09998947368421053,0.9998947368421053,0.9998947368421053,0.9998947368421053,14.0,14.0,14.0,14.0,14.0,14.0,14.0,14.0,14.0,0.0,0.0,0.0,0.0,0.0,0.0,0.8,0.8,0.8,0.5999789473684211,0.5999789473684211,0.5999789473684211,0.0,0.0,0.0,0.0,0.0,0.0,0.0,0.0,0.0,0.0,0.0,0.0,0.0,0.0,0.0
credit,credit_return_latency,req_fifo_depth,16,0,issue,0.09998947368421053,0.09998947368421053,0.09998947368421053,0.9998947368421053,0.9998947368421053,0.9998947368421053,14.0,14.0,14.0,14.0,14.0,14.0,14.0,14.0,14.0,0.0,0.0,0.0,0.0,0.0,0.0,0.8,0.8,0.8,0.5999789473684211,0.5999789473684211,0.5999789473684211,0.0,0.0,0.0,0.0,0.0,0.0,0.0,0.0,0.0,0.0,0.0,0.0,0.0,0.0,0.0
credit,credit_return_latency,req_fifo_depth,16,4,issue,0.09998947368421053,0.09998947368421053,0.09998947368421053,0.9998947368421053,0.9998947368421053,0.9998947368421053,14.0,14.0,14.0,14.0,14.0,14.0,14.0,14.0,14.0,0.0,0.0,0.0,0.0,0.0,0.0,0.8,0.8,0.8,0.5999789473684211,0.5999789473684211,0.5999789473684211,0.0,0.0,0.0,0.0,0.0,0.0,0.0,0.0,0.0,0.0,0.0,0.0,0.0,0.0,0.0
credit,credit_return_latency,req_fifo_depth,16,8,issue,0.09998947368421053,0.09998947368421053,0.09998947368421053,0.9998947368421053,0.9998947368421053,0.9998947368421053,14.0,14.0,14.0,14.0,14.0,14.0,14.0,14.0,14.0,0.0,0.0,0.0,0.0,0.0,0.0,0.8,0.8,0.8,0.5999789473684211,0.5999789473684211,0.5999789473684211,0.0,0.0,0.0,0.0,0.0,0.0,0.0,0.0,0.0,0.0,0.0,0.0,0.0,0.0,0.0
credit,credit_return_latency,req_fifo_depth,16,16,issue,0.09998947368421053,0.09998947368421053,0.09998947368421053,0.9998947368421053,0.9998947368421053,0.9998947368421053,14.0,14.0,14.0,14.0,14.0,14.0,14.0,14.0,14.0,0.0,0.0,0.0,0.0,0.0,0.0,0.8,0.8,0.8,0.5999789473684211,0.5999789473684211,0.5999789473684211,0.0,0.0,0.0,0.0,0.0,0.0,0.0,0.0,0.0,0.0,0.0,0.0,0.0,0.0,0.0
credit,credit_return_latency,req_fifo_depth,16,24,issue,0.09998947368421053,0.09998947368421053,0.09998947368421053,0.9998947368421053,0.9998947368421053,0.9998947368421053,14.0,14.0,14.0,14.0,14.0,14.0,14.0,14.0,14.0,0.0,0.0,0.0,0.0,0.0,0.0,0.8,0.8,0.8,0.5999789473684211,0.5999789473684211,0.5999789473684211,0.0,0.0,0.0,0.0,0.0,0.0,0.0,0.0,0.0,0.0,0.0,0.0,0.0,0.0,0.0
credit,credit_return_latency,req_fifo_depth,16,32,issue,0.09998947368421053,0.09998947368421053,0.09998947368421053,0.9998947368421053,0.9998947368421053,0.9998947368421053,14.0,14.0,14.0,14.0,14.0,14.0,14.0,14.0,14.0,0.0,0.0,0.0,0.0,0.0,0.0,0.8,0.8,0.8,0.5999789473684211,0.5999789473684211,0.5999789473684211,0.0,0.0,0.0,0.0,0.0,0.0,0.0,0.0,0.0,0.0,0.0,0.0,0.0,0.0,0.0
credit,credit_return_latency,req_fifo_depth,16,48,issue,0.09998947368421053,0.09998947368421053,0.09998947368421053,0.9998947368421053,0.9998947368421053,0.9998947368421053,14.0,14.0,14.0,14.0,14.0,14.0,14.0,14.0,14.0,0.0,0.0,0.0,0.0,0.0,0.0,0.8,0.8,0.8,0.5999789473684211,0.5999789473684211,0.5999789473684211,0.0,0.0,0.0,0.0,0.0,0.0,0.0,0.0,0.0,0.0,0.0,0.0,0.0,0.0,0.0
credit,credit_return_latency,req_fifo_depth,16,64,issue,0.09998947368421053,0.09998947368421053,0.09998947368421053,0.9998947368421053,0.9998947368421053,0.9998947368421053,14.0,14.0,14.0,14.0,14.0,14.0,14.0,14.0,14.0,0.0,0.0,0.0,0.0,0.0,0.0,0.8,0.8,0.8,0.5999789473684211,0.5999789473684211,0.5999789473684211,0.0,0.0,0.0,0.0,0.0,0.0,0.0,0.0,0.0,0.0,0.0,0.0,0.0,0.0,0.0
outstanding,max_outstanding,issue_interval,10.0,1,outstanding_cap,0.05705684210526316,0.056736842105263155,0.05746315789473684,0.5705684210526316,0.5673684210526316,0.5746315789473684,21.401326308757906,21.146326135656828,21.56505883220524,18.715428569003414,18.609984065711615,18.89812123127922,65.68566287498106,64.69353881200368,67.21767473136424,0.4241749580062801,0.4123737281527974,0.4297689074330108,0.0,0.0,0.0,0.4552558518717816,0.4495777872899578,0.4583170836463746,0.3419759476099794,0.3381399721197303,0.34796182486811217,0.0,0.0,0.0,0.0,0.0,0.0,0.0,0.0,0.0,0.0,0.0,0.0,0.0,0.0,0.0
outstanding,max_outstanding,issue_interval,10.0,2,issue,0.0721178947368421,0.0716421052631579,0.07248421052631579,0.721178947368421,0.716421052631579,0.7248421052631578,23.006082176693404,22.770494519335287,23.26976557079891,20.444495266984084,20.19125716630515,20.734358793572028,67.74870403415844,65.93725839133549,69.79414554055256,0.2757080889424335,0.2721040679249272,0.28317415844315563,0.0,0.0,0.0,0.5761856030921232,0.5703705122452153,0.5794448418857309,0.43363401744224583,0.4266550552842869,0.4380370177634078,0.23299943788276037,0.22650289249541491,0.23577772307243788,0.14114015265647567,0.13835630980962485,0.14363040151048304,0.0,0.0,0.0,0.0,0.0,0.0,0.0,0.0,0.0
outstanding,max_outstanding,issue_interval,10.0,3,issue,0.08033684210526315,0.07964210526315789,0.0809157894736842,0.8033684210526315,0.7964210526315789,0.8091578947368421,26.11520044834604,25.971233314492178,26.37223480059047,23.339982638099354,23.043775635771453,23.71584425673791,74.59244039380319,73.88829915197857,76.28793036392017,0.19556549838019235,0.1931312793332475,0.1991368469817975,0.0,0.0,0.0,0.6433514521772665,0.6378938284140827,0.6504350351629614,0.4845252608749634,0.4752206483248296,0.495204942732518,0.5007296891904713,0.48729001086789686,0.5158378014361946,0.2742629581479703,0.2649902237991678,0.28687198358944077,0.0,0.0,0.0,0.0,0.0,0.0,0.0,0.0,0.0
outstanding,max_outstanding,issue_interval,10.0,4,issue,0.08543157894736841,0.08467368421052632,0.08601052631578947,0.8543157894736841,0.8467368421052631,0.8601052631578947,29.221766127017453,28.989822249156315,29.630736631963075,26.250808768503703,26.0177345945267,26.506059575820473,82.47130149368022,81.3627892935765,83.92002552055783,0.14392757371768589,0.13779774333581882,0.14657792268070546,0.0,0.0,0.0,0.6844226783963627,0.6813016747281129,0.6888108329196571,0.5148188892973862,0.509614987142127,0.5201329902332503,0.7676308859861074,0.7537792020278782,0.7892511308843929,0.3864485171881347,0.37129908346941093,0.40506712604796646,0.0,0.0,0.0,0.0,0.0,0.0,0.0,0.0,0.0
outstanding,max_outstanding,issue_interval,10.0,6,issue,0.0912778947368421,0.09042105263157894,0.09214736842105263,0.912778947368421,0.9042105263157895,0.9214736842105263,34.23231396008671,33.611573271975644,34.89137945533266,31.043406322794546,30.561936263899042,31.374382874026196,93.11024103605159,89.56697794336651,95.66401869154652,0.08879324323085183,0.08473833735571636,0.09714522361800002,0.009799931586208769,0.008391591261997641,0.013195405368922357,0.7330070182869134,0.729738718276988,0.7398797504081361,0.5512066784860967,0.5405407572167424,0.5636910967538645,1.2039483649028828,1.186177661656735,1.249359752558838,0.5392904875429846,0.4987917735021235,0.5662128151248729,0.11755990612784273,0.1091502962399999,0.1290636152325599,0.030703780477388788,0.027132537557233608,0.03674690269085306,0.0,0.0,0.0
outstanding,max_outstanding,issue_interval,10.0,8,issue,0.09259999999999999,0.09163157894736843,0.09338947368421052,0.9259999999999999,0.9163157894736842,0.9338947368421052,35.786069662664445,35.55696115775091,36.04731027427159,32.54809336264443,32.023427385305695,33.327594869813765,96.64316850691758,91.02323885167425,100.96863810400828,0.07305716160647588,0.06839513290383586,0.07593338510027298,0.014415516709782087,0.011555530293709202,0.016740362740824296,0.7406074994397506,0.7325973278226908,0.7456116549380827,0.5610493864662826,0.5502385481035119,0.5686678533497328,1.3348094639551735,1.2978463217359288,1.3676813998619266,0.5913879872191736,0.5583806576104502,0.6147645718787075,0.1438355373618264,0.13663865945510303,0.15273042103814088,0.03920124026829823,0.03331566717266121,0.045386252570233446,0.0,0.0,0.0
outstanding,max_outstanding,issue_interval,10.0,12,issue,0.09270526315789474,0.0918,0.09345263157894737,0.9270526315789474,0.918,0.9345263157894736,36.02825702302435,35.44680178290976,36.379706532841695,32.745437834085536,31.9760080940614,33.76783466603956,97.37526090372994,94.82571755941171,99.25197848050448,0.06931678522002278,0.06568249336832646,0.07350162946853923,0.013292161625538933,0.010114189596162119,0.01498611560492767,0.741475938069347,0.7375989831939261,0.7491449184698049,0.5604240968221552,0.5454019805235183,0.5672140790932464,1.3658841738127605,1.3468551301172917,1.4023921205743892,0.5922212320115264,0.5467364862653191,0.6259412909207912,0.15600350314015823,0.15190519079726356,0.15896326447645964,0.03820638255004955,0.030681653842705534,0.04416856234723012,0.0,0.0,0.0
outstanding,max_outstanding,issue_interval,8.5,1,outstanding_cap,0.060164210526315785,0.059810526315789474,0.06036842105263158,0.5113957894736842,0.5083894736842105,0.5131315789473685,22.016304839933447,21.713197706700086,22.303953953172048,19.387668334208865,19.24781507474836,19.625264367976342,66.29048500058634,65.22688761043901,67.67783778285957,0.4833695046665816,0.4716066565382812,0.48819899032208486,0.0,0.0,0.0,0.48088796984095816,0.47621042898349114,0.484998173925768,0.3607577904954554,0.357260376638832,0.36526005542024337,0.0,0.0,0.0,0.0,0.0,0.0,0.0,0.0,0.0,0.0,0.0,0.0,0.0,0.0,0.0
outstanding,max_outstanding,issue_interval,8.5,2,issue,0.07727578947368421,0.07667368421052631,0.07770526315789474,0.6568442105263158,0.6517263157894737,0.6604947368421052,23.98669433443377,23.697445523332252,24.306282534512025,21.492653870693175,21.219733909478236,21.814005507076217,68.94430463919707,67.09153948524181,70.8828865235846,0.34168816662026313,0.33660296668200407,0.34798074149106517,0.0,0.0,0.0,0.6188692826655318,0.6115499088016112,0.6251107559755822,0.46549149600977974,0.45980731418180326,0.46865910603780253,0.266962281459812,0.25955090737045555,0.2705091251129941,0.16090500123515428,0.15848220104418667,0.16424726283579943,0.0,0.0,0.0,0.0,0.0,0.0,0.0,0.0,0.0
outstanding,max_outstanding,issue_interval,8.5,3,issue,0.08671157894736843,0.08595789473684211,0.08762105263157895,0.7370484210526316,0.7306421052631579,0.7447789473684211,27.514849793410104,27.24191384974754,27.660165109110533,24.823293801223553,24.534442997655788,25.03378468050869,75.42001748147523,73.6252989273089,78.32337137811555,0.2612001025667768,0.2539030137685663,0.26810921568046653,0.0,0.0,0.0,0.6933862345764344,0.6900311279711325,0.7052402679126578,0.5236580468661366,0.5171034904860458,0.5330227381113424,0.5854925874935228,0.5688778784204997,0.6057109272888338,0.32316583942584104,0.31566032175205055,0.33807352780328925,0.0,0.0,0.0,0.0,0.0,0.0,0.0,0.0,0.0
outstanding,max_outstanding,issue_interval,8.5,4,issue,0.09277684210526316,0.09185263157894737,0.09354736842105263,0.7886031578947369,0.7807473684210526,0.7951526315789474,31.353860111396862,30.994333818098916,31.84983481062528,28.60251259960678,28.10207308147801,29.107567727012793,85.03536550714634,83.86942795680079,85.85187017196586,0.20711104194246235,0.20041597539349257,0.21606997383670068,0.0,0.0,0.0,0.7403042098008983,0.7347324790132851,0.7456899013565252,0.5607545370452834,0.5548012162556528,0.5640626543758847,0.9275458850059477,0.9056220715501059,0.9452970473551724,0.474053592790337,0.46536551256422565,0.4853198574401364,0.0,0.0,0.0,0.0,0.0,0.0,0.0,0.0,0.0
outstanding,max_outstanding,issue_interval,8.5,6,issue,0.10033263157894737,0.09929473684210527,0.10074736842105263,0.8528273684210527,0.8440052631578948,0.8563526315789474,37.7233881165239,37.50717652508188,38.03594405215294,35.050062212838384,34.729655987917795,35.73760691607458,98.135103475098,93.92396789452687,105.68802691850578,0.14386082381680762,0.1378925353613724,0.14778561841121945,0.015154059058509676,0.013633824286483468,0.01753188334904059,0.8025399198346272,0.7944092856905886,0.8096939080474822,0.6066116354839294,0.6007001229029715,0.6160120085643263,1.5299766398072199,1.5016855088012278,1.575194387555658,0.6895505901090356,0.6626071899076682,0.7281410026192061,0.17077115734058923,0.16486853817752617,0.18061430233913672,0.0440057158178066,0.040492864700858174,0.049485101552268394,0.0,0.0,0.0
outstanding,max_outstanding,issue_interval,8.5,8,issue,0.10223578947368421,0.10143157894736841,0.10308421052631579,0.8690042105263158,0.8621684210526316,0.8762157894736843,40.9466733468034,40.58661894293175,41.22531663724286,38.5089373908897,37.98338178258564,38.82891145855683,102.48946479596762,100.5465209142967,104.3737606809591,0.13297678184060577,0.12893200032559582,0.1373160062311336,0.02299042205883865,0.020823145644014586,0.026293586693371788,0.821398665530082,0.8169625413116259,0.8258526811537938,0.6189733869741233,0.610441638354184,0.6304999288770604,1.8279758448541608,1.8011617974470364,1.8511347849410578,0.7652479457894292,0.7516515759270171,0.7934025172605037,0.23523395165299776,0.22982292961057166,0.24299937208561254,0.059428303615131906,0.05443354665045162,0.06351399619155851,0.0,0.0,0.0
outstanding,max_outstanding,issue_interval,8.5,12,issue,0.1026778947368421,0.10188421052631579,0.10352631578947369,0.872762105263158,0.8660157894736843,0.8799736842105264,41.42994077915528,40.81815381404154,42.06727089606428,38.84851306187338,38.27753007337742,39.642896549383295,103.42074502241758,99.54823024759753,106.47077608328254,0.12646415621869847,0.11980041866816239,0.1389496389405464,0.022765998805034753,0.019614273909603082,0.024803725245984166,0.821695290763018,0.818029329445763,0.8294612636689501,0.6215983922304087,0.6145600616634684,0.6317247515143664,1.8872980568411215,1.854721825428182,1.9672168736096534,0.775418950506281,0.7314341002147278,0.8094491333937467,0.2594705057838815,0.2516701133846529,0.2789422961917533,0.060036038448715544,0.05282573119670586,0.0637667665645986,0.0,0.0,0.0
tail,service_dist,resp_fifo_depth,4,const,issue,0.09770947368421053,0.09716842105263158,0.09850526315789473,0.9770947368421053,0.9716842105263158,0.9850526315789474,25.278800624138405,24.911999155440753,25.636802392983757,22.280599640032598,21.83727426238329,22.93304550424,52.41161786730445,52.28434387271409,52.53723896970041,0.022184143598167803,0.020816081670457617,0.022897268366250865,0.0,0.0,0.0,0.7819335340075235,0.7776504701528137,0.7885726024123813,0.5864615945126517,0.5832294175212348,0.5914147076755392,1.0807330819808438,1.040430426344022,1.1191720857345102,0.0,0.0,0.0,0.08245401466446745,0.07600766635416187,0.08809008373672278,0.0,0.0,0.0,0.0,0.0,0.0
tail,service_dist,resp_fifo_depth,4,uniform,issue,0.09727157894736842,0.09656842105263158,0.09856842105263158,0.9727157894736843,0.9656842105263158,0.9856842105263158,25.86508827597998,25.44401205147453,26.190975771093388,23.14572143726509,22.79847917269217,23.380757374397945,56.09861909901956,55.33941918890923,57.11817942314519,0.024668770327695926,0.02273915365938685,0.026210876234044143,0.0,0.0,0.0,0.7783301816544199,0.7713204736462188,0.7910475191021515,0.583737903646776,0.5794105263157895,0.5916520234125932,1.1032352508099186,1.064375210351494,1.1480709461457181,0.026944639573721074,0.02537448796313435,0.028094879299510198,0.08622393410532592,0.07941937794338574,0.09203251084548687,0.0,0.0,0.0,0.0,0.0,0.0
tail,service_dist,resp_fifo_depth,4,exp,issue,0.09297263157894736,0.09182105263157894,0.09366315789473684,0.9297263157894736,0.9182105263157895,0.9366315789473684,32.545235198717556,32.27720193203023,33.20536723619401,28.961569939169568,28.43031297736161,29.45467321864271,90.91440958441817,86.16371625332977,94.39711262547644,0.06856563927260141,0.06459813811953866,0.07534342780382572,0.0004979005948962578,0.0001682752722864423,0.0006936458638056042,0.7466862194909059,0.738290165932038,0.7594318225360548,0.5579270036218423,0.5510665970565802,0.561978947368421,1.343860904684981,1.3100860534590812,1.3945862933014597,0.30959703959154794,0.29671661262780197,0.3182611862048052,0.15416340955247168,0.1496456008174279,0.16437991607925206,0.0040267352252340675,0.0034084669823990846,0.004604137112719266,0.0,0.0,0.0
tail,service_dist,resp_fifo_depth,4,bimodal,issue,0.08823368421052631,0.08637894736842106,0.08916842105263158,0.8823368421052631,0.8637894736842106,0.8916842105263157,36.296143888783206,35.45961238520761,37.25607414648194,30.895120944683004,29.65482911057552,31.718078622827306,113.12591580219014,108.1999003974197,116.97078528182465,0.11276322865422228,0.10702451575521665,0.12037208418453117,0.0013372877129006768,0.0011177426882719086,0.0015449769514889052,0.7036972874989079,0.6917871431168616,0.7098540587276412,0.5296101873531187,0.5184,0.5352288597441075,1.3951451727298445,1.3502834958115861,1.4302204952309474,0.4616546913147534,0.4501470355270826,0.47282807630735807,0.1964986491997641,0.19161840652643725,0.20590840981154576,0.010788083789397421,0.00920045202176403,0.012323740591321505,0.0,0.0,0.0
tail,service_dist,resp_fifo_depth,16,const,issue,0.09990105263157895,0.0992,0.10074736842105263,0.9990105263157896,0.992,1.0074736842105263,29.77897278081833,28.76263437017699,30.482385328808,24.35187666467573,23.338827367755584,25.144993839827293,89.85856142182747,85.95177574722038,97.54655344627099,3.8147200395335524e-05,0.0,0.0001907360019766776,0.0,0.0,0.0,0.7995603164425722,0.7940498843851441,0.8065937837312455,0.5996910137334786,0.5955867264904072,0.6049306258365086,1.5796376123467986,1.4652601806674506,1.6569163970571443,0.0,0.0,0.0,0.0001871434402022791,0.0,0.000729405516834212,0.0,0.0,0.0,0.0,0.0,0.0
tail,service_dist,resp_fifo_depth,16,uniform,issue,0.09985684210526316,0.0993578947368421,0.10045263157894736,0.9985684210526315,0.993578947368421,1.0045263157894737,31.961264246900708,30.550601630923282,33.221720612735645,25.54214229414574,24.662491304472496,26.19289507150097,106.57392781083763,96.80421541273245,116.62433783056622,0.000273921259189887,0.0,0.0005524821675235121,0.0,0.0,0.0,0.7996288110643841,0.7936741002030065,0.8062736369790571,0.599342724278745,0.5963571145139058,0.6030028385080084,1.7659685245313583,1.6203287147458183,1.9006945550319658,0.028832710382618455,0.028215739875487575,0.02965527201527377,0.0007107755743729037,0.0,0.0012862117745819361,0.0,0.0,0.0,0.0,0.0,0.0
tail,service_dist,resp_fifo_depth,16,exp,issue,0.09978526315789474,0.0988421052631579,0.10050526315789474,0.9978526315789473,0.988421052631579,1.0050526315789474,49.98804715098089,48.820250655059596,51.069366631421225,39.50455291108883,38.482858139424934,40.14169098995262,167.16193923863685,154.8185220131927,173.51073625105346,0.004737202390788449,0.0030114697029866204,0.006291849711952129,0.0,0.0,0.0,0.8030113124052034,0.7884713924399971,0.8105508483229836,0.5988650570306951,0.593057689289289,0.603245217528205,3.1358269424398744,2.999150426298696,3.2496549290774728,0.4478671288143092,0.43815029536389627,0.46504349183519034,0.010568884967382652,0.0076476992256297215,0.013013244356612995,0.0,0.0,0.0,0.0,0.0,0.0
tail,service_dist,resp_fifo_depth,16,bimodal,issue,0.09880631578947369,0.09774736842105264,0.09993684210526316,0.988063157894737,0.9774736842105263,0.9993684210526316,62.72882676522077,60.08104530143218,66.5426265809481,52.75122560914097,51.272961446564295,55.569268073682906,200.6005896756986,184.7651016921518,215.7177066807635,0.011490001758542062,0.00690332320253562,0.014384706477510525,0.0,0.0,0.0,0.7854207543853632,0.7749064439073351,0.7927116828806828,0.5933086802730564,0.5865638065568887,0.6001047298484269,3.9166686127882544,3.6912610086916957,4.199823026596889,0.8964442951715904,0.86563428593903,0.9289189418347131,0.021354258802488042,0.014298090654312048,0.025534305137574473,0.0,0.0,0.0,0.0,0.0,0.0
